"split","assembly_id","status","doubling_hours","lower_ci_hours","upper_ci_hours","n_cds","n_ribosomal","warning","error","mode","training_set","temperature_source","grodon_version"
"train","GCA_000243155.1","failed",,,,,,"","Annotated CDS FASTA is missing","full","madin","none","2.7.3"
"train","GCA_001508125.1","ok",8.0345661855966,6.5919564972264,9.84884549787281,1817,44,"There were 291 genes either with lengths not multiples of 3 or not above length threshold (default 240bp), these genes have been ignored | Estimated doubling time >5 hours. CUB signal saturates at approx. 5 hrs... gRodon may underestimate doubling times above this range. Consider simply reporting as '>5hrs'. (In other words, this microbe definitely grows slowly, but we can't tell you quite how slowly).","","full","madin","none","2.7.3"
"train","GCA_001589265.1","ok",6.16782675181016,4.16482645500246,9.3475283379308,8710,55,"There were 1946 genes either with lengths not multiples of 3 or not above length threshold (default 240bp), these genes have been ignored | There were 527 genes with ambiguous bases, these genes have been ignored | Estimated doubling time >5 hours. CUB signal saturates at approx. 5 hrs... gRodon may underestimate doubling times above this range. Consider simply reporting as '>5hrs'. (In other words, this microbe definitely grows slowly, but we can't tell you quite how slowly).","","full","madin","none","2.7.3"
"train","GCA_001672105.1","ok",32.6862968062339,20.1451873523255,54.9554066870664,5296,55,"There were 869 genes either with lengths not multiples of 3 or not above length threshold (default 240bp), these genes have been ignored | Estimated doubling time >5 hours. CUB signal saturates at approx. 5 hrs... gRodon may underestimate doubling times above this range. Consider simply reporting as '>5hrs'. (In other words, this microbe definitely grows slowly, but we can't tell you quite how slowly).","","full","madin","none","2.7.3"
"train","GCA_001887115.1","ok",2.65348203886,2.2755423139087,3.10477156817119,2725,50,"There were 138 genes either with lengths not multiples of 3 or not above length threshold (default 240bp), these genes have been ignored","","full","madin","none","2.7.3"
"train","GCA_002877955.1","ok",5.74481319847872,4.48234843683433,7.42961059986392,891,45,"There were 58 genes either with lengths not multiples of 3 or not above length threshold (default 240bp), these genes have been ignored | Estimated doubling time >5 hours. CUB signal saturates at approx. 5 hrs... gRodon may underestimate doubling times above this range. Consider simply reporting as '>5hrs'. (In other words, this microbe definitely grows slowly, but we can't tell you quite how slowly).","","full","madin","none","2.7.3"
"train","GCA_003241045.1","ok",1.06812581287724,0.779708338039992,1.48484498333349,7364,54,"There were 878 genes either with lengths not multiples of 3 or not above length threshold (default 240bp), these genes have been ignored | There were 1 genes with ambiguous bases, these genes have been ignored","","full","madin","none","2.7.3"
"train","GCA_004931765.1","ok",2.30745518747295,1.7805506942421,3.01992844566057,1996,53,"There were 238 genes either with lengths not multiples of 3 or not above length threshold (default 240bp), these genes have been ignored","","full","madin","none","2.7.3"
"train","GCA_009158975.1","ok",0.834708784735883,0.673996274162979,1.0406607130607,2286,53,"There were 253 genes either with lengths not multiples of 3 or not above length threshold (default 240bp), these genes have been ignored | There were 1 genes with ambiguous bases, these genes have been ignored","","full","madin","none","2.7.3"
"train","GCA_010954155.1","ok",0.672979366575938,0.558199931907784,0.815492111210112,4580,59,"There were 469 genes either with lengths not multiples of 3 or not above length threshold (default 240bp), these genes have been ignored","","full","madin","none","2.7.3"
"train","GCA_011321895.1","ok",5.68922980476143,4.22570803432796,7.76029772007876,2022,54,"There were 261 genes either with lengths not multiples of 3 or not above length threshold (default 240bp), these genes have been ignored | Estimated doubling time >5 hours. CUB signal saturates at approx. 5 hrs... gRodon may underestimate doubling times above this range. Consider simply reporting as '>5hrs'. (In other words, this microbe definitely grows slowly, but we can't tell you quite how slowly).","","full","madin","none","2.7.3"
"train","GCA_013329685.1","ok",0.761861468200219,0.546164507410461,1.08036374227859,1230,30,"There were 117 genes either with lengths not multiples of 3 or not above length threshold (default 240bp), these genes have been ignored","","full","madin","none","2.7.3"
"train","GCA_015512915.1","ok",0.677203481848638,0.577703974645636,0.796745503586906,2971,61,"There were 277 genes either with lengths not multiples of 3 or not above length threshold (default 240bp), these genes have been ignored","","full","madin","none","2.7.3"
"train","GCA_015817855.2","ok",0.252421755939708,0.201488670737076,0.318584945743806,4694,57,"There were 246 genes either with lengths not multiples of 3 or not above length threshold (default 240bp), these genes have been ignored","","full","madin","none","2.7.3"
"train","GCA_017113795.1","ok",10.2244107605344,8.08273540316464,13.0385189466575,293,12,"There were 38 genes either with lengths not multiples of 3 or not above length threshold (default 240bp), these genes have been ignored | Estimated doubling time >5 hours. CUB signal saturates at approx. 5 hrs... gRodon may underestimate doubling times above this range. Consider simply reporting as '>5hrs'. (In other words, this microbe definitely grows slowly, but we can't tell you quite how slowly).","","full","madin","none","2.7.3"
"train","GCA_017116265.1","ok",1.67729989336587,1.15896935071391,2.4774601369373,381,4,"Less than 10 highly expressed genes provided, performance may suffer | There were 40 genes either with lengths not multiples of 3 or not above length threshold (default 240bp), these genes have been ignored","","full","madin","none","2.7.3"
"train","GCA_017838265.1","ok",8.11165004364369,6.68065487582812,9.90326232781446,1509,35,"There were 339 genes either with lengths not multiples of 3 or not above length threshold (default 240bp), these genes have been ignored | There were 4 genes with ambiguous bases, these genes have been ignored | Estimated doubling time >5 hours. CUB signal saturates at approx. 5 hrs... gRodon may underestimate doubling times above this range. Consider simply reporting as '>5hrs'. (In other words, this microbe definitely grows slowly, but we can't tell you quite how slowly).","","full","madin","none","2.7.3"
"train","GCA_018203495.2","ok",10.6846581732749,8.36922996557023,13.7604006143993,995,54,"There were 53 genes either with lengths not multiples of 3 or not above length threshold (default 240bp), these genes have been ignored | There were 1 genes with ambiguous bases, these genes have been ignored | Estimated doubling time >5 hours. CUB signal saturates at approx. 5 hrs... gRodon may underestimate doubling times above this range. Consider simply reporting as '>5hrs'. (In other words, this microbe definitely grows slowly, but we can't tell you quite how slowly).","","full","madin","none","2.7.3"
"train","GCA_018332215.1","ok",5.04827978691308,3.58269494068137,7.23884646994744,1483,50,"There were 95 genes either with lengths not multiples of 3 or not above length threshold (default 240bp), these genes have been ignored | Estimated doubling time >5 hours. CUB signal saturates at approx. 5 hrs... gRodon may underestimate doubling times above this range. Consider simply reporting as '>5hrs'. (In other words, this microbe definitely grows slowly, but we can't tell you quite how slowly).","","full","madin","none","2.7.3"
"train","GCA_020722885.1","failed",,,,,,"","Annotated CDS FASTA is missing","full","madin","none","2.7.3"
"train","GCA_021989615.1","ok",0.716129316899756,0.576255462310153,0.896107895096916,2322,57,"There were 230 genes either with lengths not multiples of 3 or not above length threshold (default 240bp), these genes have been ignored","","full","madin","none","2.7.3"
"train","GCA_022236725.1","ok",0.346246372016533,0.27211691109894,0.444330070332825,5930,62,"There were 638 genes either with lengths not multiples of 3 or not above length threshold (default 240bp), these genes have been ignored","","full","madin","none","2.7.3"
"train","GCA_022779705.1","ok",1.69857745662993,1.45753036131181,1.98620263399243,1957,52,"There were 275 genes either with lengths not multiples of 3 or not above length threshold (default 240bp), these genes have been ignored","","full","madin","none","2.7.3"
"train","GCA_022914675.1","ok",0.777703836223375,0.66346252738136,0.914951244809493,4666,56,"There were 727 genes either with lengths not multiples of 3 or not above length threshold (default 240bp), these genes have been ignored","","full","madin","none","2.7.3"
"train","GCA_024135825.1","ok",7.39800856675466,6.11849676196182,8.99209349222753,816,53,"There were 68 genes either with lengths not multiples of 3 or not above length threshold (default 240bp), these genes have been ignored | Estimated doubling time >5 hours. CUB signal saturates at approx. 5 hrs... gRodon may underestimate doubling times above this range. Consider simply reporting as '>5hrs'. (In other words, this microbe definitely grows slowly, but we can't tell you quite how slowly).","","full","madin","none","2.7.3"
"train","GCA_025006645.1","ok",1.72402939519091,1.39743623470786,2.14066907619758,3669,57,"There were 367 genes either with lengths not multiples of 3 or not above length threshold (default 240bp), these genes have been ignored","","full","madin","none","2.7.3"
"train","GCA_026613785.1","ok",0.166913916442113,0.129978087832449,0.216320748843328,4626,44,"There were 1897 genes either with lengths not multiples of 3 or not above length threshold (default 240bp), these genes have been ignored","","full","madin","none","2.7.3"
"train","GCA_026627405.1","ok",12.233351412946,9.69753728638633,15.5545101913002,1325,56,"There were 103 genes either with lengths not multiples of 3 or not above length threshold (default 240bp), these genes have been ignored | Estimated doubling time >5 hours. CUB signal saturates at approx. 5 hrs... gRodon may underestimate doubling times above this range. Consider simply reporting as '>5hrs'. (In other words, this microbe definitely grows slowly, but we can't tell you quite how slowly).","","full","madin","none","2.7.3"
"train","GCA_027416755.1","failed",,,,,,"","Annotated CDS FASTA is missing","full","madin","none","2.7.3"
"train","GCA_027446465.1","failed",,,,,,"","Annotated CDS FASTA is missing","full","madin","none","2.7.3"
"train","GCA_027912435.1","ok",1.72272379864876,1.49042637282451,1.99726761744789,3899,55,"There were 146 genes either with lengths not multiples of 3 or not above length threshold (default 240bp), these genes have been ignored","","full","madin","none","2.7.3"
"train","GCA_028379965.1","ok",3.40428344478303,2.50750723005907,4.68609211335586,571,11,"There were 45 genes either with lengths not multiples of 3 or not above length threshold (default 240bp), these genes have been ignored","","full","madin","none","2.7.3"
"train","GCA_029648825.1","ok",0.892915760725068,0.748295979262483,1.070321476353,2166,56,"There were 116 genes either with lengths not multiples of 3 or not above length threshold (default 240bp), these genes have been ignored","","full","madin","none","2.7.3"
"train","GCA_030071505.1","failed",,,,,,"","Annotated CDS FASTA is missing","full","madin","none","2.7.3"
"train","GCA_030126645.1","ok",0.221731320597689,0.174445713272183,0.284217880755206,4081,58,"There were 235 genes either with lengths not multiples of 3 or not above length threshold (default 240bp), these genes have been ignored","","full","madin","none","2.7.3"
"train","GCA_030260955.1","ok",0.977569867602801,0.849900788178992,1.12759877092704,4243,56,"There were 452 genes either with lengths not multiples of 3 or not above length threshold (default 240bp), these genes have been ignored","","full","madin","none","2.7.3"
"train","GCA_030336385.1","ok",5.6083455691787,4.36097241230319,7.27975135835175,5226,54,"There were 808 genes either with lengths not multiples of 3 or not above length threshold (default 240bp), these genes have been ignored | Estimated doubling time >5 hours. CUB signal saturates at approx. 5 hrs... gRodon may underestimate doubling times above this range. Consider simply reporting as '>5hrs'. (In other words, this microbe definitely grows slowly, but we can't tell you quite how slowly).","","full","madin","none","2.7.3"
"train","GCA_030849005.1","ok",6.2609305137739,4.78179912929874,8.28561624106899,5125,53,"There were 878 genes either with lengths not multiples of 3 or not above length threshold (default 240bp), these genes have been ignored | Estimated doubling time >5 hours. CUB signal saturates at approx. 5 hrs... gRodon may underestimate doubling times above this range. Consider simply reporting as '>5hrs'. (In other words, this microbe definitely grows slowly, but we can't tell you quite how slowly).","","full","madin","none","2.7.3"
"train","GCA_031243125.1","ok",1.03495869347472,0.890118367173038,1.20732630948599,2849,57,"There were 125 genes either with lengths not multiples of 3 or not above length threshold (default 240bp), these genes have been ignored","","full","madin","none","2.7.3"
"train","GCA_033630985.1","ok",0.0975828398332018,0.0734706297779285,0.131155905666662,4250,57,"There were 241 genes either with lengths not multiples of 3 or not above length threshold (default 240bp), these genes have been ignored","","full","madin","none","2.7.3"
"train","GCA_033927465.1","ok",0.637157884577902,0.527641682513876,0.773391814453001,5138,57,"There were 338 genes either with lengths not multiples of 3 or not above length threshold (default 240bp), these genes have been ignored","","full","madin","none","2.7.3"
"train","GCA_036773965.1","failed",,,,,,"","Annotated CDS FASTA is missing","full","madin","none","2.7.3"
"train","GCA_037683345.1","ok",0.586826727760931,0.442713700255914,0.787004586971651,2127,56,"There were 348 genes either with lengths not multiples of 3 or not above length threshold (default 240bp), these genes have been ignored","","full","madin","none","2.7.3"
"train","GCA_039522005.1","ok",0.844088714623129,0.730466368788118,0.978332524798697,2305,56,"There were 201 genes either with lengths not multiples of 3 or not above length threshold (default 240bp), these genes have been ignored | There were 8 genes with ambiguous bases, these genes have been ignored","","full","madin","none","2.7.3"
"train","GCA_900118665.1","ok",22.9333185944021,15.282423532214,35.2759613512616,2026,105,"There were 413 genes either with lengths not multiples of 3 or not above length threshold (default 240bp), these genes have been ignored | There were 7 genes with ambiguous bases, these genes have been ignored | Estimated doubling time >5 hours. CUB signal saturates at approx. 5 hrs... gRodon may underestimate doubling times above this range. Consider simply reporting as '>5hrs'. (In other words, this microbe definitely grows slowly, but we can't tell you quite how slowly).","","full","madin","none","2.7.3"
"train","GCA_901213185.1","ok",0.235279333652706,0.184044313964724,0.303447317882962,2041,36,"There were 193 genes either with lengths not multiples of 3 or not above length threshold (default 240bp), these genes have been ignored","","full","madin","none","2.7.3"
"train","GCA_902173125.1","failed",,,,,,"","Annotated CDS FASTA is missing","full","madin","none","2.7.3"
"train","GCA_913057915.1","failed",,,,,,"","Annotated CDS FASTA is missing","full","madin","none","2.7.3"
"train","GCA_920937485.1","failed",,,,,,"","Annotated CDS FASTA is missing","full","madin","none","2.7.3"
"train","GCA_945906835.1","failed",,,,,,"","Annotated CDS FASTA is missing","full","madin","none","2.7.3"
"train","GCA_949085655.1","failed",,,,,,"","Annotated CDS FASTA is missing","full","madin","none","2.7.3"
"train","GCA_963678405.1","failed",,,,,,"","Annotated CDS FASTA is missing","full","madin","none","2.7.3"
"train","GCF_000007185.1","ok",10.4345912216004,8.37875644025026,13.0864938984209,1795,61,"There were 115 genes either with lengths not multiples of 3 or not above length threshold (default 240bp), these genes have been ignored | Estimated doubling time >5 hours. CUB signal saturates at approx. 5 hrs... gRodon may underestimate doubling times above this range. Consider simply reporting as '>5hrs'. (In other words, this microbe definitely grows slowly, but we can't tell you quite how slowly).","","full","madin","none","2.7.3"
"train","GCF_000007305.1","ok",4.11808079542795,3.51713260367893,4.83909415221471,2079,61,"There were 180 genes either with lengths not multiples of 3 or not above length threshold (default 240bp), these genes have been ignored","","full","madin","none","2.7.3"
"train","GCF_000007605.1","ok",10.513042650941,8.38153141490342,13.2859095744747,999,53,"There were 41 genes either with lengths not multiples of 3 or not above length threshold (default 240bp), these genes have been ignored | Estimated doubling time >5 hours. CUB signal saturates at approx. 5 hrs... gRodon may underestimate doubling times above this range. Consider simply reporting as '>5hrs'. (In other words, this microbe definitely grows slowly, but we can't tell you quite how slowly).","","full","madin","none","2.7.3"
"train","GCF_000011085.1","ok",3.31783049192401,2.83793614321024,3.89259119131838,4347,58,"There were 428 genes either with lengths not multiples of 3 or not above length threshold (default 240bp), these genes have been ignored","","full","madin","none","2.7.3"
"train","GCF_000024285.1","ok",6.55007035512057,5.16499031365134,8.37547818303519,3135,53,"There were 250 genes either with lengths not multiples of 3 or not above length threshold (default 240bp), these genes have been ignored | Estimated doubling time >5 hours. CUB signal saturates at approx. 5 hrs... gRodon may underestimate doubling times above this range. Consider simply reporting as '>5hrs'. (In other words, this microbe definitely grows slowly, but we can't tell you quite how slowly).","","full","madin","none","2.7.3"
"train","GCF_000151105.1","failed",,,,,,"","Annotated CDS FASTA is missing","full","madin","none","2.7.3"
"train","GCF_000153485.1","failed",,,,,,"","Annotated CDS FASTA is missing","full","madin","none","2.7.3"
"train","GCF_000170735.1","ok",1.53153623097983,1.10946262051532,2.14699743319576,1766,49,"There were 131 genes either with lengths not multiples of 3 or not above length threshold (default 240bp), these genes have been ignored","","full","madin","none","2.7.3"
"train","GCF_000173615.1","ok",4.53036892605158,3.50580873657761,5.9110989363352,1585,36,"There were 240 genes either with lengths not multiples of 3 or not above length threshold (default 240bp), these genes have been ignored","","full","madin","none","2.7.3"
"train","GCF_000178815.1","failed",,,,,,"","Annotated CDS FASTA is missing","full","madin","none","2.7.3"
"train","GCF_000294675.1","ok",5.59265746417159,4.68129738870452,6.71218178714128,2874,53,"There were 237 genes either with lengths not multiples of 3 or not above length threshold (default 240bp), these genes have been ignored | Estimated doubling time >5 hours. CUB signal saturates at approx. 5 hrs... gRodon may underestimate doubling times above this range. Consider simply reporting as '>5hrs'. (In other words, this microbe definitely grows slowly, but we can't tell you quite how slowly).","","full","madin","none","2.7.3"
"train","GCF_000337635.1","ok",3.3771945597678,2.77144777954679,4.13880047450698,4285,55,"There were 502 genes either with lengths not multiples of 3 or not above length threshold (default 240bp), these genes have been ignored | There were 38 genes with ambiguous bases, these genes have been ignored","","full","madin","none","2.7.3"
"train","GCF_000364625.1","ok",0.979370002448831,0.771965504847438,1.25283854404055,3585,55,"There were 235 genes either with lengths not multiples of 3 or not above length threshold (default 240bp), these genes have been ignored","","full","madin","none","2.7.3"
"train","GCF_000373545.1","ok",11.7835380900855,9.25833416898868,15.1257693019486,2673,54,"There were 106 genes either with lengths not multiples of 3 or not above length threshold (default 240bp), these genes have been ignored | There were 1144 genes with ambiguous bases, these genes have been ignored | Estimated doubling time >5 hours. CUB signal saturates at approx. 5 hrs... gRodon may underestimate doubling times above this range. Consider simply reporting as '>5hrs'. (In other words, this microbe definitely grows slowly, but we can't tell you quite how slowly).","","full","madin","none","2.7.3"
"train","GCF_000373985.1","ok",7.29039323205249,6.13184727871006,8.70555031093123,4896,56,"There were 397 genes either with lengths not multiples of 3 or not above length threshold (default 240bp), these genes have been ignored | There were 23 genes with ambiguous bases, these genes have been ignored | Estimated doubling time >5 hours. CUB signal saturates at approx. 5 hrs... gRodon may underestimate doubling times above this range. Consider simply reporting as '>5hrs'. (In other words, this microbe definitely grows slowly, but we can't tell you quite how slowly).","","full","madin","none","2.7.3"
"train","GCF_000379025.1","ok",2.40687022218093,1.93181894463917,3.0199748323668,3190,52,"There were 263 genes either with lengths not multiples of 3 or not above length threshold (default 240bp), these genes have been ignored | There were 11 genes with ambiguous bases, these genes have been ignored","","full","madin","none","2.7.3"
"train","GCF_000430905.1","ok",1.20588243891635,1.03870473425827,1.40447883765056,1718,58,"There were 116 genes either with lengths not multiples of 3 or not above length threshold (default 240bp), these genes have been ignored","","full","madin","none","2.7.3"
"train","GCF_000464745.1","ok",7.44212961607168,5.46927677134969,10.2696931198362,4931,56,"There were 569 genes either with lengths not multiples of 3 or not above length threshold (default 240bp), these genes have been ignored | There were 1 genes with ambiguous bases, these genes have been ignored | Estimated doubling time >5 hours. CUB signal saturates at approx. 5 hrs... gRodon may underestimate doubling times above this range. Consider simply reporting as '>5hrs'. (In other words, this microbe definitely grows slowly, but we can't tell you quite how slowly).","","full","madin","none","2.7.3"
"train","GCF_000469585.1","ok",8.26766647616596,6.81718667084881,10.0811570085747,2564,53,"There were 175 genes either with lengths not multiples of 3 or not above length threshold (default 240bp), these genes have been ignored | There were 12 genes with ambiguous bases, these genes have been ignored | Estimated doubling time >5 hours. CUB signal saturates at approx. 5 hrs... gRodon may underestimate doubling times above this range. Consider simply reporting as '>5hrs'. (In other words, this microbe definitely grows slowly, but we can't tell you quite how slowly).","","full","madin","none","2.7.3"
"train","GCF_000482805.1","ok",1.38026288034816,1.15175251261241,1.6619930424264,2706,53,"There were 160 genes either with lengths not multiples of 3 or not above length threshold (default 240bp), these genes have been ignored","","full","madin","none","2.7.3"
"train","GCF_000483485.1","ok",0.533105990310369,0.447202045068528,0.638363281341663,2209,55,"There were 75 genes either with lengths not multiples of 3 or not above length threshold (default 240bp), these genes have been ignored","","full","madin","none","2.7.3"
"train","GCF_000620045.1","ok",3.04201159589135,2.4679631676296,3.77355808446147,3175,55,"There were 153 genes either with lengths not multiples of 3 or not above length threshold (default 240bp), these genes have been ignored","","full","madin","none","2.7.3"
"train","GCF_000632865.1","ok",4.97294195525565,4.21098979273908,5.89633784941504,928,53,"There were 70 genes either with lengths not multiples of 3 or not above length threshold (default 240bp), these genes have been ignored","","full","madin","none","2.7.3"
"train","GCF_000689615.1","ok",6.15938596191808,5.16942972261403,7.37166643181792,1153,54,"There were 183 genes either with lengths not multiples of 3 or not above length threshold (default 240bp), these genes have been ignored | Estimated doubling time >5 hours. CUB signal saturates at approx. 5 hrs... gRodon may underestimate doubling times above this range. Consider simply reporting as '>5hrs'. (In other words, this microbe definitely grows slowly, but we can't tell you quite how slowly).","","full","madin","none","2.7.3"
"train","GCF_000706685.1","ok",0.805895060645249,0.655683503021162,0.996677480961058,2684,57,"There were 235 genes either with lengths not multiples of 3 or not above length threshold (default 240bp), these genes have been ignored","","full","madin","none","2.7.3"
"train","GCF_000711905.1","ok",8.18233405529514,6.82066204482422,9.86317078150813,1635,58,"There were 146 genes either with lengths not multiples of 3 or not above length threshold (default 240bp), these genes have been ignored | Estimated doubling time >5 hours. CUB signal saturates at approx. 5 hrs... gRodon may underestimate doubling times above this range. Consider simply reporting as '>5hrs'. (In other words, this microbe definitely grows slowly, but we can't tell you quite how slowly).","","full","madin","none","2.7.3"
"train","GCF_000746255.1","ok",3.14365226997629,2.26921738045045,4.42419762028709,1677,53,"There were 109 genes either with lengths not multiples of 3 or not above length threshold (default 240bp), these genes have been ignored","","full","madin","none","2.7.3"
"train","GCF_000754095.1","failed",,,,,,"","Annotated CDS FASTA is missing","full","madin","none","2.7.3"
"train","GCF_000763575.1","ok",9.84566085605734,8.04058707212711,12.128178440803,2461,53,"There were 330 genes either with lengths not multiples of 3 or not above length threshold (default 240bp), these genes have been ignored | Estimated doubling time >5 hours. CUB signal saturates at approx. 5 hrs... gRodon may underestimate doubling times above this range. Consider simply reporting as '>5hrs'. (In other words, this microbe definitely grows slowly, but we can't tell you quite how slowly).","","full","madin","none","2.7.3"
"train","GCF_000764025.1","ok",6.66754740117268,5.58900863893913,7.99021804249067,2902,55,"There were 152 genes either with lengths not multiples of 3 or not above length threshold (default 240bp), these genes have been ignored | There were 1 genes with ambiguous bases, these genes have been ignored | Estimated doubling time >5 hours. CUB signal saturates at approx. 5 hrs... gRodon may underestimate doubling times above this range. Consider simply reporting as '>5hrs'. (In other words, this microbe definitely grows slowly, but we can't tell you quite how slowly).","","full","madin","none","2.7.3"
"train","GCF_000943545.1","ok",0.803316576555726,0.685098313840876,0.945393816344508,6083,57,"There were 733 genes either with lengths not multiples of 3 or not above length threshold (default 240bp), these genes have been ignored","","full","madin","none","2.7.3"
"train","GCF_000978535.1","ok",8.95617158032508,7.20239347989313,11.2144450049486,1862,54,"There were 86 genes either with lengths not multiples of 3 or not above length threshold (default 240bp), these genes have been ignored | Estimated doubling time >5 hours. CUB signal saturates at approx. 5 hrs... gRodon may underestimate doubling times above this range. Consider simply reporting as '>5hrs'. (In other words, this microbe definitely grows slowly, but we can't tell you quite how slowly).","","full","madin","none","2.7.3"
"train","GCF_001007085.1","ok",6.76659707716414,5.61894848157391,8.1896315366004,1050,53,"There were 51 genes either with lengths not multiples of 3 or not above length threshold (default 240bp), these genes have been ignored | Estimated doubling time >5 hours. CUB signal saturates at approx. 5 hrs... gRodon may underestimate doubling times above this range. Consider simply reporting as '>5hrs'. (In other words, this microbe definitely grows slowly, but we can't tell you quite how slowly).","","full","madin","none","2.7.3"
"train","GCF_001027025.1","ok",8.27317331867853,6.85837425981781,10.0309551828286,2048,51,"There were 104 genes either with lengths not multiples of 3 or not above length threshold (default 240bp), these genes have been ignored | Estimated doubling time >5 hours. CUB signal saturates at approx. 5 hrs... gRodon may underestimate doubling times above this range. Consider simply reporting as '>5hrs'. (In other words, this microbe definitely grows slowly, but we can't tell you quite how slowly).","","full","madin","none","2.7.3"
"train","GCF_001050195.2","ok",8.71817459068134,7.07169164095759,10.8168485305253,3686,58,"There were 200 genes either with lengths not multiples of 3 or not above length threshold (default 240bp), these genes have been ignored | Estimated doubling time >5 hours. CUB signal saturates at approx. 5 hrs... gRodon may underestimate doubling times above this range. Consider simply reporting as '>5hrs'. (In other words, this microbe definitely grows slowly, but we can't tell you quite how slowly).","","full","madin","none","2.7.3"
"train","GCF_001050235.1","ok",6.85248845643842,5.62273341022655,8.39887587332423,3895,54,"There were 154 genes either with lengths not multiples of 3 or not above length threshold (default 240bp), these genes have been ignored | Estimated doubling time >5 hours. CUB signal saturates at approx. 5 hrs... gRodon may underestimate doubling times above this range. Consider simply reporting as '>5hrs'. (In other words, this microbe definitely grows slowly, but we can't tell you quite how slowly).","","full","madin","none","2.7.3"
"train","GCF_001280255.1","ok",2.50335796538112,1.95998864768319,3.22553556478007,2470,54,"There were 299 genes either with lengths not multiples of 3 or not above length threshold (default 240bp), these genes have been ignored","","full","madin","none","2.7.3"
"train","GCF_001280545.1","ok",0.74784878808449,0.564335667503307,1.00267726961562,2428,54,"There were 206 genes either with lengths not multiples of 3 or not above length threshold (default 240bp), these genes have been ignored","","full","madin","none","2.7.3"
"train","GCF_001306035.1","ok",10.0669550281359,7.36963663062741,13.950865258186,3705,55,"There were 147 genes either with lengths not multiples of 3 or not above length threshold (default 240bp), these genes have been ignored | Estimated doubling time >5 hours. CUB signal saturates at approx. 5 hrs... gRodon may underestimate doubling times above this range. Consider simply reporting as '>5hrs'. (In other words, this microbe definitely grows slowly, but we can't tell you quite how slowly).","","full","madin","none","2.7.3"
"train","GCF_001306095.1","ok",4.45148998395329,3.84786976624526,5.16561486689521,3310,54,"There were 133 genes either with lengths not multiples of 3 or not above length threshold (default 240bp), these genes have been ignored","","full","madin","none","2.7.3"
"train","GCF_001315945.1","ok",6.67771872797453,5.32238101937298,8.44142930455633,3747,58,"There were 1139 genes either with lengths not multiples of 3 or not above length threshold (default 240bp), these genes have been ignored | Estimated doubling time >5 hours. CUB signal saturates at approx. 5 hrs... gRodon may underestimate doubling times above this range. Consider simply reporting as '>5hrs'. (In other words, this microbe definitely grows slowly, but we can't tell you quite how slowly).","","full","madin","none","2.7.3"
"train","GCF_001390455.1","ok",9.53500943860256,7.58763792898016,12.0739173234801,4174,61,"There were 424 genes either with lengths not multiples of 3 or not above length threshold (default 240bp), these genes have been ignored | There were 2 genes with ambiguous bases, these genes have been ignored | Estimated doubling time >5 hours. CUB signal saturates at approx. 5 hrs... gRodon may underestimate doubling times above this range. Consider simply reporting as '>5hrs'. (In other words, this microbe definitely grows slowly, but we can't tell you quite how slowly).","","full","madin","none","2.7.3"
"train","GCF_001483885.1","ok",0.212400531216525,0.1618629669038,0.281760469220759,3858,59,"There were 414 genes either with lengths not multiples of 3 or not above length threshold (default 240bp), these genes have been ignored","","full","madin","none","2.7.3"
"train","GCF_001551835.1","ok",0.958927211451262,0.818867950214116,1.12699900334624,4068,55,"There were 238 genes either with lengths not multiples of 3 or not above length threshold (default 240bp), these genes have been ignored","","full","madin","none","2.7.3"
"train","GCF_001560595.1","ok",7.57151649202148,6.19579645715338,9.30701290713764,2351,64,"There were 201 genes either with lengths not multiples of 3 or not above length threshold (default 240bp), these genes have been ignored | There were 16 genes with ambiguous bases, these genes have been ignored | Estimated doubling time >5 hours. CUB signal saturates at approx. 5 hrs... gRodon may underestimate doubling times above this range. Consider simply reporting as '>5hrs'. (In other words, this microbe definitely grows slowly, but we can't tell you quite how slowly).","","full","madin","none","2.7.3"
"train","GCF_001562415.1","ok",3.21022561987722,2.78141354469286,3.71615932300836,3047,54,"There were 338 genes either with lengths not multiples of 3 or not above length threshold (default 240bp), these genes have been ignored","","full","madin","none","2.7.3"
"train","GCF_001574635.1","ok",2.36203775363436,1.94056635011821,2.89124992231786,1928,56,"There were 289 genes either with lengths not multiples of 3 or not above length threshold (default 240bp), these genes have been ignored | There were 1 genes with ambiguous bases, these genes have been ignored","","full","madin","none","2.7.3"
"train","GCF_001602215.1","ok",6.06804396465465,4.96472072102856,7.4601638474551,848,54,"There were 48 genes either with lengths not multiples of 3 or not above length threshold (default 240bp), these genes have been ignored | Estimated doubling time >5 hours. CUB signal saturates at approx. 5 hrs... gRodon may underestimate doubling times above this range. Consider simply reporting as '>5hrs'. (In other words, this microbe definitely grows slowly, but we can't tell you quite how slowly).","","full","madin","none","2.7.3"
"train","GCF_001636845.1","ok",3.23957621298825,2.62384812588631,4.0257879217424,4105,54,"There were 405 genes either with lengths not multiples of 3 or not above length threshold (default 240bp), these genes have been ignored","","full","madin","none","2.7.3"
"train","GCF_001652585.1","ok",7.18929840262529,5.69650908022801,9.14543822596535,2116,54,"There were 166 genes either with lengths not multiples of 3 or not above length threshold (default 240bp), these genes have been ignored | Estimated doubling time >5 hours. CUB signal saturates at approx. 5 hrs... gRodon may underestimate doubling times above this range. Consider simply reporting as '>5hrs'. (In other words, this microbe definitely grows slowly, but we can't tell you quite how slowly).","","full","madin","none","2.7.3"
"train","GCF_001671485.1","ok",2.19182038567664,1.83011237570816,2.63743815004593,6358,54,"There were 455 genes either with lengths not multiples of 3 or not above length threshold (default 240bp), these genes have been ignored","","full","madin","none","2.7.3"
"train","GCF_001730685.1","ok",3.00684439006071,2.51356997092373,3.61371779338771,2436,54,"There were 216 genes either with lengths not multiples of 3 or not above length threshold (default 240bp), these genes have been ignored","","full","madin","none","2.7.3"
"train","GCF_001746755.1","ok",3.9898085032392,3.24517989214547,4.93588598958539,3528,55,"There were 259 genes either with lengths not multiples of 3 or not above length threshold (default 240bp), these genes have been ignored | There were 2 genes with ambiguous bases, these genes have been ignored","","full","madin","none","2.7.3"
"train","GCF_001756615.1","ok",3.57930088326061,3.1422390556806,4.08712944895399,2840,55,"There were 228 genes either with lengths not multiples of 3 or not above length threshold (default 240bp), these genes have been ignored","","full","madin","none","2.7.3"
"train","GCF_001856345.1","ok",1.12865140059277,0.974011896306502,1.31195025005143,3155,54,"There were 379 genes either with lengths not multiples of 3 or not above length threshold (default 240bp), these genes have been ignored","","full","madin","none","2.7.3"
"train","GCF_001857665.2","ok",14.0893552696221,10.0262443139802,20.1424997950093,3367,54,"There were 355 genes either with lengths not multiples of 3 or not above length threshold (default 240bp), these genes have been ignored | Estimated doubling time >5 hours. CUB signal saturates at approx. 5 hrs... gRodon may underestimate doubling times above this range. Consider simply reporting as '>5hrs'. (In other words, this microbe definitely grows slowly, but we can't tell you quite how slowly).","","full","madin","none","2.7.3"
"train","GCF_001866005.1","ok",1.05895163847378,0.917418896809909,1.22595621135325,3770,56,"There were 495 genes either with lengths not multiples of 3 or not above length threshold (default 240bp), these genes have been ignored | There were 13 genes with ambiguous bases, these genes have been ignored","","full","madin","none","2.7.3"
"train","GCF_001880325.1","ok",2.42808235582628,1.87046252478917,3.18360742510012,2479,54,"There were 225 genes either with lengths not multiples of 3 or not above length threshold (default 240bp), these genes have been ignored","","full","madin","none","2.7.3"
"train","GCF_001888095.1","ok",8.11187826503059,6.76939261299391,9.76688902470872,2032,60,"There were 167 genes either with lengths not multiples of 3 or not above length threshold (default 240bp), these genes have been ignored | Estimated doubling time >5 hours. CUB signal saturates at approx. 5 hrs... gRodon may underestimate doubling times above this range. Consider simply reporting as '>5hrs'. (In other words, this microbe definitely grows slowly, but we can't tell you quite how slowly).","","full","madin","none","2.7.3"
"train","GCF_001936195.1","ok",0.293265818712932,0.233526580900556,0.371090209327212,3035,55,"There were 196 genes either with lengths not multiples of 3 or not above length threshold (default 240bp), these genes have been ignored","","full","madin","none","2.7.3"
"train","GCF_001975185.1","ok",6.09351410851716,4.87961329890112,7.66443169637233,1489,54,"There were 327 genes either with lengths not multiples of 3 or not above length threshold (default 240bp), these genes have been ignored | Estimated doubling time >5 hours. CUB signal saturates at approx. 5 hrs... gRodon may underestimate doubling times above this range. Consider simply reporting as '>5hrs'. (In other words, this microbe definitely grows slowly, but we can't tell you quite how slowly).","","full","madin","none","2.7.3"
"train","GCF_001990485.1","ok",8.1038267800301,6.43253807436118,10.2892834919012,1788,52,"There were 105 genes either with lengths not multiples of 3 or not above length threshold (default 240bp), these genes have been ignored | Estimated doubling time >5 hours. CUB signal saturates at approx. 5 hrs... gRodon may underestimate doubling times above this range. Consider simply reporting as '>5hrs'. (In other words, this microbe definitely grows slowly, but we can't tell you quite how slowly).","","full","madin","none","2.7.3"
"train","GCF_002077815.1","ok",3.12624512076924,2.77907024116184,3.52380605258098,3511,56,"There were 480 genes either with lengths not multiples of 3 or not above length threshold (default 240bp), these genes have been ignored | There were 47 genes with ambiguous bases, these genes have been ignored","","full","madin","none","2.7.3"
"train","GCF_002097535.1","ok",0.628001289517193,0.53332672908499,0.742346243541149,4046,57,"There were 346 genes either with lengths not multiples of 3 or not above length threshold (default 240bp), these genes have been ignored","","full","madin","none","2.7.3"
"train","GCF_002217315.1","ok",1.3254659614997,1.09310280626823,1.61592733018405,4463,55,"There were 177 genes either with lengths not multiples of 3 or not above length threshold (default 240bp), these genes have been ignored | There were 4 genes with ambiguous bases, these genes have been ignored","","full","madin","none","2.7.3"
"train","GCF_002243665.1","ok",2.82146595835784,2.51770219539538,3.16778158323571,3648,56,"There were 415 genes either with lengths not multiples of 3 or not above length threshold (default 240bp), these genes have been ignored","","full","madin","none","2.7.3"
"train","GCF_002292445.1","ok",4.59730528655188,3.3033040388986,6.5027780466933,4895,57,"There were 304 genes either with lengths not multiples of 3 or not above length threshold (default 240bp), these genes have been ignored","","full","madin","none","2.7.3"
"train","GCF_002318715.1","ok",0.873906495147762,0.744637219062433,1.02942674882958,5619,56,"There were 594 genes either with lengths not multiples of 3 or not above length threshold (default 240bp), these genes have been ignored","","full","madin","none","2.7.3"
"train","GCF_002356355.1","ok",7.12677333518061,5.12551046212814,10.0704647863604,2988,55,"There were 149 genes either with lengths not multiples of 3 or not above length threshold (default 240bp), these genes have been ignored | Estimated doubling time >5 hours. CUB signal saturates at approx. 5 hrs... gRodon may underestimate doubling times above this range. Consider simply reporting as '>5hrs'. (In other words, this microbe definitely grows slowly, but we can't tell you quite how slowly).","","full","madin","none","2.7.3"
"train","GCF_002895605.1","ok",9.81260498873876,7.98157587946503,12.1388823837477,1954,51,"There were 120 genes either with lengths not multiples of 3 or not above length threshold (default 240bp), these genes have been ignored | There were 4 genes with ambiguous bases, these genes have been ignored | Estimated doubling time >5 hours. CUB signal saturates at approx. 5 hrs... gRodon may underestimate doubling times above this range. Consider simply reporting as '>5hrs'. (In other words, this microbe definitely grows slowly, but we can't tell you quite how slowly).","","full","madin","none","2.7.3"
"train","GCF_002916695.1","ok",9.28924674129537,7.44581352022551,11.6721624888118,2897,54,"There were 126 genes either with lengths not multiples of 3 or not above length threshold (default 240bp), these genes have been ignored | Estimated doubling time >5 hours. CUB signal saturates at approx. 5 hrs... gRodon may underestimate doubling times above this range. Consider simply reporting as '>5hrs'. (In other words, this microbe definitely grows slowly, but we can't tell you quite how slowly).","","full","madin","none","2.7.3"
"train","GCF_002988635.1","ok",0.55550328934913,0.450602524891237,0.689210708296353,1889,54,"There were 182 genes either with lengths not multiples of 3 or not above length threshold (default 240bp), these genes have been ignored","","full","madin","none","2.7.3"
"train","GCF_002995745.1","ok",2.26836017510638,1.89940079912332,2.721402212838,3418,55,"There were 309 genes either with lengths not multiples of 3 or not above length threshold (default 240bp), these genes have been ignored","","full","madin","none","2.7.3"
"train","GCF_002995805.1","ok",10.8075724644179,8.67330564954833,13.5625013001585,3349,53,"There were 326 genes either with lengths not multiples of 3 or not above length threshold (default 240bp), these genes have been ignored | Estimated doubling time >5 hours. CUB signal saturates at approx. 5 hrs... gRodon may underestimate doubling times above this range. Consider simply reporting as '>5hrs'. (In other words, this microbe definitely grows slowly, but we can't tell you quite how slowly).","","full","madin","none","2.7.3"
"train","GCF_003003275.1","ok",0.939307754134304,0.817636375827052,1.08208462238206,2671,58,"There were 191 genes either with lengths not multiples of 3 or not above length threshold (default 240bp), these genes have been ignored","","full","madin","none","2.7.3"
"train","GCF_003026285.1","ok",0.477775768518118,0.398087357032409,0.576194335419855,5381,56,"There were 295 genes either with lengths not multiples of 3 or not above length threshold (default 240bp), these genes have been ignored","","full","madin","none","2.7.3"
"train","GCF_003051085.1","ok",0.165031680583286,0.127942719214672,0.214905611795573,2752,57,"There were 138 genes either with lengths not multiples of 3 or not above length threshold (default 240bp), these genes have been ignored","","full","madin","none","2.7.3"
"train","GCF_003096175.1","ok",2.77539918000775,2.20884592908995,3.51393990532378,5060,55,"There were 326 genes either with lengths not multiples of 3 or not above length threshold (default 240bp), these genes have been ignored","","full","madin","none","2.7.3"
"train","GCF_003148465.1","ok",2.96097585675632,2.45823376990532,3.58451671968615,2639,52,"There were 107 genes either with lengths not multiples of 3 or not above length threshold (default 240bp), these genes have been ignored","","full","madin","none","2.7.3"
"train","GCF_003174785.1","ok",0.358018691050868,0.28849299041446,0.447331703892865,4269,59,"There were 505 genes either with lengths not multiples of 3 or not above length threshold (default 240bp), these genes have been ignored","","full","madin","none","2.7.3"
"train","GCF_003182525.1","ok",2.83559716418658,2.33422111850763,3.463683128244,3319,55,"There were 124 genes either with lengths not multiples of 3 or not above length threshold (default 240bp), these genes have been ignored","","full","madin","none","2.7.3"
"train","GCF_003259895.1","ok",4.48237187554711,3.60761648884846,5.6076659524737,3070,51,"There were 179 genes either with lengths not multiples of 3 or not above length threshold (default 240bp), these genes have been ignored","","full","madin","none","2.7.3"
"train","GCF_003309025.1","ok",11.0336884852521,8.21902892133219,15.0030615193587,2761,54,"There were 225 genes either with lengths not multiples of 3 or not above length threshold (default 240bp), these genes have been ignored | There were 27 genes with ambiguous bases, these genes have been ignored | Estimated doubling time >5 hours. CUB signal saturates at approx. 5 hrs... gRodon may underestimate doubling times above this range. Consider simply reporting as '>5hrs'. (In other words, this microbe definitely grows slowly, but we can't tell you quite how slowly).","","full","madin","none","2.7.3"
"train","GCF_003347515.1","ok",2.19835741578585,1.75500429397649,2.77419501804555,6666,55,"There were 528 genes either with lengths not multiples of 3 or not above length threshold (default 240bp), these genes have been ignored","","full","madin","none","2.7.3"
"train","GCF_003350065.1","ok",3.09612324228421,1.89895881411257,5.23473258402966,2389,56,"There were 114 genes either with lengths not multiples of 3 or not above length threshold (default 240bp), these genes have been ignored","","full","madin","none","2.7.3"
"train","GCF_003385755.1","ok",5.31026816461934,4.35182015212546,6.51727289838786,1780,60,"There were 123 genes either with lengths not multiples of 3 or not above length threshold (default 240bp), these genes have been ignored | Estimated doubling time >5 hours. CUB signal saturates at approx. 5 hrs... gRodon may underestimate doubling times above this range. Consider simply reporting as '>5hrs'. (In other words, this microbe definitely grows slowly, but we can't tell you quite how slowly).","","full","madin","none","2.7.3"
"train","GCF_003386945.1","ok",0.581627395768065,0.490559566340359,0.692504849293544,4025,57,"There were 365 genes either with lengths not multiples of 3 or not above length threshold (default 240bp), these genes have been ignored","","full","madin","none","2.7.3"
"train","GCF_003450455.1","ok",2.42176916410088,1.76902762234403,3.36412034788384,2323,54,"There were 212 genes either with lengths not multiples of 3 or not above length threshold (default 240bp), these genes have been ignored","","full","madin","none","2.7.3"
"train","GCF_003514535.1","ok",7.96712607178077,6.47857778137185,9.85893815635067,3950,55,"There were 230 genes either with lengths not multiples of 3 or not above length threshold (default 240bp), these genes have been ignored | Estimated doubling time >5 hours. CUB signal saturates at approx. 5 hrs... gRodon may underestimate doubling times above this range. Consider simply reporting as '>5hrs'. (In other words, this microbe definitely grows slowly, but we can't tell you quite how slowly).","","full","madin","none","2.7.3"
"train","GCF_003590195.1","ok",1.1408497908228,0.923922951733311,1.41787210515032,5092,52,"There were 669 genes either with lengths not multiples of 3 or not above length threshold (default 240bp), these genes have been ignored","","full","madin","none","2.7.3"
"train","GCF_003609645.1","ok",2.72347200014165,2.20803825663344,3.38084649322089,2703,55,"There were 214 genes either with lengths not multiples of 3 or not above length threshold (default 240bp), these genes have been ignored","","full","madin","none","2.7.3"
"train","GCF_003664005.1","ok",5.99775611329435,4.71359823766795,7.69690782678833,1900,53,"There were 99 genes either with lengths not multiples of 3 or not above length threshold (default 240bp), these genes have been ignored | Estimated doubling time >5 hours. CUB signal saturates at approx. 5 hrs... gRodon may underestimate doubling times above this range. Consider simply reporting as '>5hrs'. (In other words, this microbe definitely grows slowly, but we can't tell you quite how slowly).","","full","madin","none","2.7.3"
"train","GCF_003688495.1","ok",2.37478871221069,2.02929363326898,2.7890591982299,2881,55,"There were 124 genes either with lengths not multiples of 3 or not above length threshold (default 240bp), these genes have been ignored","","full","madin","none","2.7.3"
"train","GCF_003701385.1","ok",0.89810201241336,0.765485446740981,1.05759283171908,5880,56,"There were 930 genes either with lengths not multiples of 3 or not above length threshold (default 240bp), these genes have been ignored | There were 21 genes with ambiguous bases, these genes have been ignored","","full","madin","none","2.7.3"
"train","GCF_003990895.1","ok",5.84060334616637,4.85648318560208,7.05896010955921,1918,52,"There were 102 genes either with lengths not multiples of 3 or not above length threshold (default 240bp), these genes have been ignored | Estimated doubling time >5 hours. CUB signal saturates at approx. 5 hrs... gRodon may underestimate doubling times above this range. Consider simply reporting as '>5hrs'. (In other words, this microbe definitely grows slowly, but we can't tell you quite how slowly).","","full","madin","none","2.7.3"
"train","GCF_003994475.1","ok",1.55692692395837,1.35751311967408,1.79047792590555,5551,57,"There were 389 genes either with lengths not multiples of 3 or not above length threshold (default 240bp), these genes have been ignored | There were 7 genes with ambiguous bases, these genes have been ignored","","full","madin","none","2.7.3"
"train","GCF_003999255.1","ok",5.02832159496657,4.09107982064133,6.21870715515287,2784,52,"There were 272 genes either with lengths not multiples of 3 or not above length threshold (default 240bp), these genes have been ignored | Estimated doubling time >5 hours. CUB signal saturates at approx. 5 hrs... gRodon may underestimate doubling times above this range. Consider simply reporting as '>5hrs'. (In other words, this microbe definitely grows slowly, but we can't tell you quite how slowly).","","full","madin","none","2.7.3"
"train","GCF_004001485.1","ok",1.24148217837255,1.04436735275547,1.4822097485888,6244,55,"There were 549 genes either with lengths not multiples of 3 or not above length threshold (default 240bp), these genes have been ignored","","full","madin","none","2.7.3"
"train","GCF_004216575.1","ok",1.26623661960079,0.977880909408631,1.65577418624039,2410,54,"There were 85 genes either with lengths not multiples of 3 or not above length threshold (default 240bp), these genes have been ignored","","full","madin","none","2.7.3"
"train","GCF_004323575.1","ok",14.9106496290169,11.418650615612,19.6753732862267,1709,67,"There were 177 genes either with lengths not multiples of 3 or not above length threshold (default 240bp), these genes have been ignored | Estimated doubling time >5 hours. CUB signal saturates at approx. 5 hrs... gRodon may underestimate doubling times above this range. Consider simply reporting as '>5hrs'. (In other words, this microbe definitely grows slowly, but we can't tell you quite how slowly).","","full","madin","none","2.7.3"
"train","GCF_004337705.1","ok",5.39863554674479,4.21804134778807,6.97160748021377,3114,54,"There were 215 genes either with lengths not multiples of 3 or not above length threshold (default 240bp), these genes have been ignored | Estimated doubling time >5 hours. CUB signal saturates at approx. 5 hrs... gRodon may underestimate doubling times above this range. Consider simply reporting as '>5hrs'. (In other words, this microbe definitely grows slowly, but we can't tell you quite how slowly).","","full","madin","none","2.7.3"
"train","GCF_004343025.1","ok",2.67975666129514,2.04406713395946,3.5512293781613,4623,55,"There were 315 genes either with lengths not multiples of 3 or not above length threshold (default 240bp), these genes have been ignored | There were 1 genes with ambiguous bases, these genes have been ignored","","full","madin","none","2.7.3"
"train","GCF_004346605.1","ok",1.23298084141412,1.04754229425664,1.45683767076736,2743,54,"There were 183 genes either with lengths not multiples of 3 or not above length threshold (default 240bp), these genes have been ignored","","full","madin","none","2.7.3"
"train","GCF_004349435.1","ok",2.65891991074405,2.14885961151261,3.31188398772309,2786,53,"There were 206 genes either with lengths not multiples of 3 or not above length threshold (default 240bp), these genes have been ignored","","full","madin","none","2.7.3"
"train","GCF_004795935.1","ok",7.07002934419408,5.93604012460735,8.45805136825565,1049,53,"There were 272 genes either with lengths not multiples of 3 or not above length threshold (default 240bp), these genes have been ignored | Estimated doubling time >5 hours. CUB signal saturates at approx. 5 hrs... gRodon may underestimate doubling times above this range. Consider simply reporting as '>5hrs'. (In other words, this microbe definitely grows slowly, but we can't tell you quite how slowly).","","full","madin","none","2.7.3"
"train","GCF_005774035.1","ok",1.89649259925737,1.6530484633143,2.18171952399335,2395,61,"There were 246 genes either with lengths not multiples of 3 or not above length threshold (default 240bp), these genes have been ignored","","full","madin","none","2.7.3"
"train","GCF_006400955.1","ok",2.40999138540467,1.94271896756971,3.00998270017806,7578,57,"There were 379 genes either with lengths not multiples of 3 or not above length threshold (default 240bp), these genes have been ignored","","full","madin","none","2.7.3"
"train","GCF_006569185.1","ok",23.9004405890362,16.0951732369651,36.3319218090012,4952,55,"There were 327 genes either with lengths not multiples of 3 or not above length threshold (default 240bp), these genes have been ignored | Estimated doubling time >5 hours. CUB signal saturates at approx. 5 hrs... gRodon may underestimate doubling times above this range. Consider simply reporting as '>5hrs'. (In other words, this microbe definitely grows slowly, but we can't tell you quite how slowly).","","full","madin","none","2.7.3"
"train","GCF_006715795.1","ok",1.71313914801693,1.49784654885541,1.96447785363801,1785,54,"There were 109 genes either with lengths not multiples of 3 or not above length threshold (default 240bp), these genes have been ignored","","full","madin","none","2.7.3"
"train","GCF_006788895.1","ok",1.96710979684146,1.7143129339015,2.26335262547032,2749,56,"There were 168 genes either with lengths not multiples of 3 or not above length threshold (default 240bp), these genes have been ignored","","full","madin","none","2.7.3"
"train","GCF_006970065.1","ok",1.84755237831894,1.3722253882377,2.52023211119706,929,52,"There were 123 genes either with lengths not multiples of 3 or not above length threshold (default 240bp), these genes have been ignored | There were 4 genes with ambiguous bases, these genes have been ignored","","full","madin","none","2.7.3"
"train","GCF_007164525.1","ok",4.85579311007572,3.61496686760923,6.60689983857335,3045,53,"There were 175 genes either with lengths not multiples of 3 or not above length threshold (default 240bp), these genes have been ignored","","full","madin","none","2.7.3"
"train","GCF_007567505.1","ok",1.92462306215457,1.72167544491974,2.15533566355929,4045,55,"There were 172 genes either with lengths not multiples of 3 or not above length threshold (default 240bp), these genes have been ignored","","full","madin","none","2.7.3"
"train","GCF_007954275.1","ok",0.970854946420119,0.82587832692294,1.14560977432391,4392,54,"There were 236 genes either with lengths not multiples of 3 or not above length threshold (default 240bp), these genes have been ignored","","full","madin","none","2.7.3"
"train","GCF_007954305.1","ok",1.0023462624879,0.866119238870375,1.16357948121442,3770,58,"There were 208 genes either with lengths not multiples of 3 or not above length threshold (default 240bp), these genes have been ignored","","full","madin","none","2.7.3"
"train","GCF_008000815.1","ok",2.05307991524509,1.82883281944028,2.30926086428481,5124,56,"There were 193 genes either with lengths not multiples of 3 or not above length threshold (default 240bp), these genes have been ignored","","full","madin","none","2.7.3"
"train","GCF_008086275.1","ok",10.0707089005015,8.14546977412843,12.5329801604612,2465,50,"There were 379 genes either with lengths not multiples of 3 or not above length threshold (default 240bp), these genes have been ignored | Estimated doubling time >5 hours. CUB signal saturates at approx. 5 hrs... gRodon may underestimate doubling times above this range. Consider simply reporting as '>5hrs'. (In other words, this microbe definitely grows slowly, but we can't tell you quite how slowly).","","full","madin","none","2.7.3"
"train","GCF_008121905.1","ok",11.1405787194127,8.94380134124141,13.9749800124895,2633,53,"There were 241 genes either with lengths not multiples of 3 or not above length threshold (default 240bp), these genes have been ignored | Estimated doubling time >5 hours. CUB signal saturates at approx. 5 hrs... gRodon may underestimate doubling times above this range. Consider simply reporting as '>5hrs'. (In other words, this microbe definitely grows slowly, but we can't tell you quite how slowly).","","full","madin","none","2.7.3"
"train","GCF_008124985.1","ok",0.925896585940747,0.7106446813786,1.21882037726357,7749,63,"There were 475 genes either with lengths not multiples of 3 or not above length threshold (default 240bp), these genes have been ignored","","full","madin","none","2.7.3"
"train","GCF_008244535.1","ok",6.0926828616962,4.70269871043608,7.97159679613605,1932,52,"There were 119 genes either with lengths not multiples of 3 or not above length threshold (default 240bp), these genes have been ignored | Estimated doubling time >5 hours. CUB signal saturates at approx. 5 hrs... gRodon may underestimate doubling times above this range. Consider simply reporting as '>5hrs'. (In other words, this microbe definitely grows slowly, but we can't tell you quite how slowly).","","full","madin","none","2.7.3"
"train","GCF_009428885.1","ok",6.31925606017372,5.12797541689465,7.836960104813,2700,63,"There were 346 genes either with lengths not multiples of 3 or not above length threshold (default 240bp), these genes have been ignored | Estimated doubling time >5 hours. CUB signal saturates at approx. 5 hrs... gRodon may underestimate doubling times above this range. Consider simply reporting as '>5hrs'. (In other words, this microbe definitely grows slowly, but we can't tell you quite how slowly).","","full","madin","none","2.7.3"
"train","GCF_009685195.1","ok",1.60046901687077,1.34473798890974,1.91322238479866,4367,55,"There were 345 genes either with lengths not multiples of 3 or not above length threshold (default 240bp), these genes have been ignored","","full","madin","none","2.7.3"
"train","GCF_009712125.1","ok",5.10901735075598,4.0215870806233,6.54513632536162,5128,55,"There were 729 genes either with lengths not multiples of 3 or not above length threshold (default 240bp), these genes have been ignored | Estimated doubling time >5 hours. CUB signal saturates at approx. 5 hrs... gRodon may underestimate doubling times above this range. Consider simply reporting as '>5hrs'. (In other words, this microbe definitely grows slowly, but we can't tell you quite how slowly).","","full","madin","none","2.7.3"
"train","GCF_009811675.1","ok",2.01357600504659,1.64833536321691,2.47413008354268,4160,54,"There were 303 genes either with lengths not multiples of 3 or not above length threshold (default 240bp), these genes have been ignored","","full","madin","none","2.7.3"
"train","GCF_010588305.1","ok",3.93113924905524,3.20724028136681,4.84757726905652,1636,53,"There were 116 genes either with lengths not multiples of 3 or not above length threshold (default 240bp), these genes have been ignored","","full","madin","none","2.7.3"
"train","GCF_010669085.1","ok",3.36646068181525,2.80941377669769,4.05316005425461,2577,54,"There were 269 genes either with lengths not multiples of 3 or not above length threshold (default 240bp), these genes have been ignored","","full","madin","none","2.7.3"
"train","GCF_011761635.1","ok",5.47063934567641,4.50317300175539,6.68266344705697,2335,56,"There were 111 genes either with lengths not multiples of 3 or not above length threshold (default 240bp), these genes have been ignored | Estimated doubling time >5 hours. CUB signal saturates at approx. 5 hrs... gRodon may underestimate doubling times above this range. Consider simply reporting as '>5hrs'. (In other words, this microbe definitely grows slowly, but we can't tell you quite how slowly).","","full","madin","none","2.7.3"
"train","GCF_012368155.1","ok",0.832199823516997,0.718610605163463,0.966745960472349,3409,56,"There were 313 genes either with lengths not multiples of 3 or not above length threshold (default 240bp), these genes have been ignored | There were 1 genes with ambiguous bases, these genes have been ignored","","full","madin","none","2.7.3"
"train","GCF_012933645.1","ok",5.88961586295765,4.96890553811186,7.01022124746621,2319,60,"There were 193 genes either with lengths not multiples of 3 or not above length threshold (default 240bp), these genes have been ignored | Estimated doubling time >5 hours. CUB signal saturates at approx. 5 hrs... gRodon may underestimate doubling times above this range. Consider simply reporting as '>5hrs'. (In other words, this microbe definitely grows slowly, but we can't tell you quite how slowly).","","full","madin","none","2.7.3"
"train","GCF_013178535.1","ok",0.570477609384044,0.462105733301903,0.708836011057803,5946,57,"There were 324 genes either with lengths not multiples of 3 or not above length threshold (default 240bp), these genes have been ignored","","full","madin","none","2.7.3"
"train","GCF_013318675.1","ok",0.598680383298266,0.501603575706635,0.717796212954873,5344,55,"There were 327 genes either with lengths not multiples of 3 or not above length threshold (default 240bp), these genes have been ignored","","full","madin","none","2.7.3"
"train","GCF_013389365.1","ok",7.07661311110914,5.96392018340912,8.43259022362564,3774,56,"There were 368 genes either with lengths not multiples of 3 or not above length threshold (default 240bp), these genes have been ignored | Estimated doubling time >5 hours. CUB signal saturates at approx. 5 hrs... gRodon may underestimate doubling times above this range. Consider simply reporting as '>5hrs'. (In other words, this microbe definitely grows slowly, but we can't tell you quite how slowly).","","full","madin","none","2.7.3"
"train","GCF_014194315.1","ok",1.0480989226978,0.896093264727407,1.2302500779277,5733,56,"There were 463 genes either with lengths not multiples of 3 or not above length threshold (default 240bp), these genes have been ignored","","full","madin","none","2.7.3"
"train","GCF_014199715.1","ok",2.12200440229179,1.57941891133229,2.88792036030396,5110,54,"There were 370 genes either with lengths not multiples of 3 or not above length threshold (default 240bp), these genes have been ignored","","full","madin","none","2.7.3"
"train","GCF_014201655.1","ok",5.18913268872474,4.34003786465846,6.23315369549708,1887,52,"There were 89 genes either with lengths not multiples of 3 or not above length threshold (default 240bp), these genes have been ignored | Estimated doubling time >5 hours. CUB signal saturates at approx. 5 hrs... gRodon may underestimate doubling times above this range. Consider simply reporting as '>5hrs'. (In other words, this microbe definitely grows slowly, but we can't tell you quite how slowly).","","full","madin","none","2.7.3"
"train","GCF_014202345.1","ok",3.67523801176753,3.21453380930613,4.21284965003835,2768,55,"There were 134 genes either with lengths not multiples of 3 or not above length threshold (default 240bp), these genes have been ignored","","full","madin","none","2.7.3"
"train","GCF_014207315.1","ok",0.863618251890081,0.711590503047293,1.05385543545207,1884,60,"There were 152 genes either with lengths not multiples of 3 or not above length threshold (default 240bp), these genes have been ignored","","full","madin","none","2.7.3"
"train","GCF_014222225.1","ok",6.62675430663477,5.14685008449661,8.61249213256473,5912,56,"There were 640 genes either with lengths not multiples of 3 or not above length threshold (default 240bp), these genes have been ignored | Estimated doubling time >5 hours. CUB signal saturates at approx. 5 hrs... gRodon may underestimate doubling times above this range. Consider simply reporting as '>5hrs'. (In other words, this microbe definitely grows slowly, but we can't tell you quite how slowly).","","full","madin","none","2.7.3"
"train","GCF_014231285.1","ok",2.70018174355065,2.17280553527346,3.37875975040125,3893,55,"There were 298 genes either with lengths not multiples of 3 or not above length threshold (default 240bp), these genes have been ignored","","full","madin","none","2.7.3"
"train","GCF_014284455.1","ok",2.3938635920931,2.12850406834021,2.69765507046121,3394,53,"There were 232 genes either with lengths not multiples of 3 or not above length threshold (default 240bp), these genes have been ignored","","full","madin","none","2.7.3"
"train","GCF_014284475.1","ok",0.925871000739319,0.795143243673273,1.08170755958552,2988,52,"There were 220 genes either with lengths not multiples of 3 or not above length threshold (default 240bp), these genes have been ignored","","full","madin","none","2.7.3"
"train","GCF_014647395.1","ok",0.278821369673529,0.219239278117599,0.357609132800236,3873,54,"There were 252 genes either with lengths not multiples of 3 or not above length threshold (default 240bp), these genes have been ignored","","full","madin","none","2.7.3"
"train","GCF_014897375.1","ok",0.857811812052075,0.732576449772249,1.0080816296908,2308,57,"There were 199 genes either with lengths not multiples of 3 or not above length threshold (default 240bp), these genes have been ignored","","full","madin","none","2.7.3"
"train","GCF_014905135.1","ok",0.421552818749358,0.336152081922488,0.532623136863878,2086,53,"There were 113 genes either with lengths not multiples of 3 or not above length threshold (default 240bp), these genes have been ignored","","full","madin","none","2.7.3"
"train","GCF_015207005.1","ok",8.46214153852431,6.54326496464494,11.0504894638151,7707,58,"There were 1174 genes either with lengths not multiples of 3 or not above length threshold (default 240bp), these genes have been ignored | Estimated doubling time >5 hours. CUB signal saturates at approx. 5 hrs... gRodon may underestimate doubling times above this range. Consider simply reporting as '>5hrs'. (In other words, this microbe definitely grows slowly, but we can't tell you quite how slowly).","","full","madin","none","2.7.3"
"train","GCF_015207835.1","ok",4.53235622738758,3.56443327653859,5.8120203486726,5308,55,"There were 818 genes either with lengths not multiples of 3 or not above length threshold (default 240bp), these genes have been ignored","","full","madin","none","2.7.3"
"train","GCF_015234255.1","ok",6.58175156164005,5.27353921500415,8.27359970269428,3304,57,"There were 194 genes either with lengths not multiples of 3 or not above length threshold (default 240bp), these genes have been ignored | Estimated doubling time >5 hours. CUB signal saturates at approx. 5 hrs... gRodon may underestimate doubling times above this range. Consider simply reporting as '>5hrs'. (In other words, this microbe definitely grows slowly, but we can't tell you quite how slowly).","","full","madin","none","2.7.3"
"train","GCF_015277775.1","ok",7.7897594243028,6.21622507613048,9.83448878993418,7538,54,"There were 227 genes either with lengths not multiples of 3 or not above length threshold (default 240bp), these genes have been ignored | Estimated doubling time >5 hours. CUB signal saturates at approx. 5 hrs... gRodon may underestimate doubling times above this range. Consider simply reporting as '>5hrs'. (In other words, this microbe definitely grows slowly, but we can't tell you quite how slowly).","","full","madin","none","2.7.3"
"train","GCF_015827775.1","ok",0.813525975020759,0.621132338156838,1.07698185244235,2165,56,"There were 397 genes either with lengths not multiples of 3 or not above length threshold (default 240bp), these genes have been ignored","","full","madin","none","2.7.3"
"train","GCF_015999265.1","ok",2.20140721137917,1.95835998050999,2.47949346152137,3364,52,"There were 231 genes either with lengths not multiples of 3 or not above length threshold (default 240bp), these genes have been ignored","","full","madin","none","2.7.3"
"train","GCF_016316925.1","ok",1.10102253625315,0.867842810470094,1.40848165218228,4849,55,"There were 400 genes either with lengths not multiples of 3 or not above length threshold (default 240bp), these genes have been ignored","","full","madin","none","2.7.3"
"train","GCF_016908145.1","ok",2.50915043933893,1.99924751249674,3.17293991750054,2217,51,"There were 156 genes either with lengths not multiples of 3 or not above length threshold (default 240bp), these genes have been ignored","","full","madin","none","2.7.3"
"train","GCF_016908375.1","ok",2.48090315997458,2.1573669803132,2.86100744040402,3507,57,"There were 278 genes either with lengths not multiples of 3 or not above length threshold (default 240bp), these genes have been ignored","","full","madin","none","2.7.3"
"train","GCF_017515625.1","ok",3.84475690347708,3.39558400505239,4.36302968696351,2707,55,"There were 492 genes either with lengths not multiples of 3 or not above length threshold (default 240bp), these genes have been ignored","","full","madin","none","2.7.3"
"train","GCF_017873335.1","ok",1.40559005440843,1.2122071190648,1.63498903024487,2287,61,"There were 211 genes either with lengths not multiples of 3 or not above length threshold (default 240bp), these genes have been ignored","","full","madin","none","2.7.3"
"train","GCF_017873415.1","ok",3.73962732199747,3.29532272321933,4.25362420385821,2888,59,"There were 258 genes either with lengths not multiples of 3 or not above length threshold (default 240bp), these genes have been ignored","","full","madin","none","2.7.3"
"train","GCF_017873625.1","ok",5.36801040586138,4.565503708234,6.33557703792977,2374,60,"There were 189 genes either with lengths not multiples of 3 or not above length threshold (default 240bp), these genes have been ignored | Estimated doubling time >5 hours. CUB signal saturates at approx. 5 hrs... gRodon may underestimate doubling times above this range. Consider simply reporting as '>5hrs'. (In other words, this microbe definitely grows slowly, but we can't tell you quite how slowly).","","full","madin","none","2.7.3"
"train","GCF_017874375.1","ok",6.4782743993608,5.52131207277092,7.62924929868068,2217,59,"There were 191 genes either with lengths not multiples of 3 or not above length threshold (default 240bp), these genes have been ignored | Estimated doubling time >5 hours. CUB signal saturates at approx. 5 hrs... gRodon may underestimate doubling times above this range. Consider simply reporting as '>5hrs'. (In other words, this microbe definitely grows slowly, but we can't tell you quite how slowly).","","full","madin","none","2.7.3"
"train","GCF_017875625.1","ok",0.649482783776106,0.508173476361149,0.837439988739373,1587,60,"There were 100 genes either with lengths not multiples of 3 or not above length threshold (default 240bp), these genes have been ignored","","full","madin","none","2.7.3"
"train","GCF_018342485.1","ok",5.12899439418293,4.41815290122117,5.97338002175736,1922,53,"There were 225 genes either with lengths not multiples of 3 or not above length threshold (default 240bp), these genes have been ignored | Estimated doubling time >5 hours. CUB signal saturates at approx. 5 hrs... gRodon may underestimate doubling times above this range. Consider simply reporting as '>5hrs'. (In other words, this microbe definitely grows slowly, but we can't tell you quite how slowly).","","full","madin","none","2.7.3"
"train","GCF_018861315.1","ok",2.33265748848481,1.92842772513561,2.8365106296428,4594,54,"There were 524 genes either with lengths not multiples of 3 or not above length threshold (default 240bp), these genes have been ignored","","full","madin","none","2.7.3"
"train","GCF_018861735.1","ok",2.09063405670496,1.71020685751403,2.57073687017282,5103,54,"There were 486 genes either with lengths not multiples of 3 or not above length threshold (default 240bp), these genes have been ignored","","full","madin","none","2.7.3"
"train","GCF_018861765.1","ok",1.55940999069309,1.25592502133491,1.94950766343329,3827,59,"There were 383 genes either with lengths not multiples of 3 or not above length threshold (default 240bp), these genes have been ignored","","full","madin","none","2.7.3"
"train","GCF_018861865.1","ok",2.70763157365316,2.23781395599937,3.29342377479357,3846,54,"There were 370 genes either with lengths not multiples of 3 or not above length threshold (default 240bp), these genes have been ignored","","full","madin","none","2.7.3"
"train","GCF_018916835.1","ok",2.66082892201296,2.15111581444179,3.31309339273565,3058,54,"There were 239 genes either with lengths not multiples of 3 or not above length threshold (default 240bp), these genes have been ignored","","full","madin","none","2.7.3"
"train","GCF_020443745.1","ok",2.21988932633625,1.87735606373392,2.63562097546779,5015,55,"There were 534 genes either with lengths not multiples of 3 or not above length threshold (default 240bp), these genes have been ignored","","full","madin","none","2.7.3"
"train","GCF_021406845.1","ok",5.3515400839463,4.53132430328376,6.34561004395031,2044,54,"There were 238 genes either with lengths not multiples of 3 or not above length threshold (default 240bp), these genes have been ignored | Estimated doubling time >5 hours. CUB signal saturates at approx. 5 hrs... gRodon may underestimate doubling times above this range. Consider simply reporting as '>5hrs'. (In other words, this microbe definitely grows slowly, but we can't tell you quite how slowly).","","full","madin","none","2.7.3"
"train","GCF_021504015.1","ok",5.84399962728632,4.60839322933451,7.47234481849663,2388,56,"There were 260 genes either with lengths not multiples of 3 or not above length threshold (default 240bp), these genes have been ignored | Estimated doubling time >5 hours. CUB signal saturates at approx. 5 hrs... gRodon may underestimate doubling times above this range. Consider simply reporting as '>5hrs'. (In other words, this microbe definitely grows slowly, but we can't tell you quite how slowly).","","full","madin","none","2.7.3"
"train","GCF_021589105.1","ok",0.942977979442777,0.818856791586558,1.0890389649915,4821,54,"There were 253 genes either with lengths not multiples of 3 or not above length threshold (default 240bp), these genes have been ignored","","full","madin","none","2.7.3"
"train","GCF_021963785.1","ok",3.85491318112571,3.07070321858416,4.87611844557605,3257,56,"There were 337 genes either with lengths not multiples of 3 or not above length threshold (default 240bp), these genes have been ignored","","full","madin","none","2.7.3"
"train","GCF_022267535.1","ok",1.07500067922478,0.939633969787281,1.23308447725264,3467,61,"There were 304 genes either with lengths not multiples of 3 or not above length threshold (default 240bp), these genes have been ignored","","full","madin","none","2.7.3"
"train","GCF_022507325.1","ok",1.09561352696309,0.951068893037039,1.26577735109964,4316,57,"There were 251 genes either with lengths not multiples of 3 or not above length threshold (default 240bp), these genes have been ignored","","full","madin","none","2.7.3"
"train","GCF_022674245.1","ok",3.23157887138137,2.74780153486225,3.81502429166984,4195,54,"There were 399 genes either with lengths not multiples of 3 or not above length threshold (default 240bp), these genes have been ignored","","full","madin","none","2.7.3"
"train","GCF_022846335.1","ok",2.61598659889762,1.91761528410796,3.61997893386939,2465,54,"There were 177 genes either with lengths not multiples of 3 or not above length threshold (default 240bp), these genes have been ignored","","full","madin","none","2.7.3"
"train","GCF_023227745.1","ok",3.04637456392642,2.4217752581886,3.86166773441641,2529,54,"There were 260 genes either with lengths not multiples of 3 or not above length threshold (default 240bp), these genes have been ignored","","full","madin","none","2.7.3"
"train","GCF_023555375.1","ok",3.58534866790826,2.78695490516133,4.65558744186626,2145,55,"There were 74 genes either with lengths not multiples of 3 or not above length threshold (default 240bp), these genes have been ignored","","full","madin","none","2.7.3"
"train","GCF_023704195.1","ok",5.07962169303313,4.15859657859865,6.24087896096791,4101,54,"There were 261 genes either with lengths not multiples of 3 or not above length threshold (default 240bp), these genes have been ignored | Estimated doubling time >5 hours. CUB signal saturates at approx. 5 hrs... gRodon may underestimate doubling times above this range. Consider simply reporting as '>5hrs'. (In other words, this microbe definitely grows slowly, but we can't tell you quite how slowly).","","full","madin","none","2.7.3"
"train","GCF_024054535.1","ok",3.5241796618232,2.99486535097729,4.16297583056145,2075,61,"There were 150 genes either with lengths not multiples of 3 or not above length threshold (default 240bp), these genes have been ignored","","full","madin","none","2.7.3"
"train","GCF_024239095.1","ok",11.4469718100721,9.1895809607226,14.3596534921387,2353,65,"There were 201 genes either with lengths not multiples of 3 or not above length threshold (default 240bp), these genes have been ignored | Estimated doubling time >5 hours. CUB signal saturates at approx. 5 hrs... gRodon may underestimate doubling times above this range. Consider simply reporting as '>5hrs'. (In other words, this microbe definitely grows slowly, but we can't tell you quite how slowly).","","full","madin","none","2.7.3"
"train","GCF_024508015.1","ok",0.271273092207202,0.218282637554382,0.339459066142366,4522,58,"There were 198 genes either with lengths not multiples of 3 or not above length threshold (default 240bp), these genes have been ignored","","full","madin","none","2.7.3"
"train","GCF_025194745.1","ok",0.477042948652192,0.388137670908856,0.589956941270059,1862,55,"There were 170 genes either with lengths not multiples of 3 or not above length threshold (default 240bp), these genes have been ignored","","full","madin","none","2.7.3"
"train","GCF_025289255.1","ok",1.25045003601312,1.09776492665297,1.42785616289986,3370,52,"There were 260 genes either with lengths not multiples of 3 or not above length threshold (default 240bp), these genes have been ignored","","full","madin","none","2.7.3"
"train","GCF_025961535.1","ok",5.08085993211401,4.01793703077868,6.47695934763114,4075,54,"There were 349 genes either with lengths not multiples of 3 or not above length threshold (default 240bp), these genes have been ignored | Estimated doubling time >5 hours. CUB signal saturates at approx. 5 hrs... gRodon may underestimate doubling times above this range. Consider simply reporting as '>5hrs'. (In other words, this microbe definitely grows slowly, but we can't tell you quite how slowly).","","full","madin","none","2.7.3"
"train","GCF_025990715.1","ok",10.8517608144024,8.79248843681851,13.4800579296275,2188,55,"There were 428 genes either with lengths not multiples of 3 or not above length threshold (default 240bp), these genes have been ignored | Estimated doubling time >5 hours. CUB signal saturates at approx. 5 hrs... gRodon may underestimate doubling times above this range. Consider simply reporting as '>5hrs'. (In other words, this microbe definitely grows slowly, but we can't tell you quite how slowly).","","full","madin","none","2.7.3"
"train","GCF_026192565.1","ok",5.70799255533919,4.30514372459416,7.65717940000242,4697,54,"There were 677 genes either with lengths not multiples of 3 or not above length threshold (default 240bp), these genes have been ignored | Estimated doubling time >5 hours. CUB signal saturates at approx. 5 hrs... gRodon may underestimate doubling times above this range. Consider simply reporting as '>5hrs'. (In other words, this microbe definitely grows slowly, but we can't tell you quite how slowly).","","full","madin","none","2.7.3"
"train","GCF_026192785.1","ok",3.82758145851187,3.0127511834973,4.90375263190436,5462,54,"There were 793 genes either with lengths not multiples of 3 or not above length threshold (default 240bp), these genes have been ignored","","full","madin","none","2.7.3"
"train","GCF_026616695.1","ok",1.07797616953752,0.926558737744141,1.25829733128503,2880,57,"There were 164 genes either with lengths not multiples of 3 or not above length threshold (default 240bp), these genes have been ignored","","full","madin","none","2.7.3"
"train","GCF_026627015.1","ok",20.3475657039611,14.2604470698569,29.5845446506213,2589,62,"There were 315 genes either with lengths not multiples of 3 or not above length threshold (default 240bp), these genes have been ignored | Estimated doubling time >5 hours. CUB signal saturates at approx. 5 hrs... gRodon may underestimate doubling times above this range. Consider simply reporting as '>5hrs'. (In other words, this microbe definitely grows slowly, but we can't tell you quite how slowly).","","full","madin","none","2.7.3"
"train","GCF_026651045.1","ok",2.84654791313813,2.35844637351992,3.45337371992035,4767,55,"There were 448 genes either with lengths not multiples of 3 or not above length threshold (default 240bp), these genes have been ignored","","full","madin","none","2.7.3"
"train","GCF_026736595.1","ok",0.294610181776222,0.229501679117762,0.38166372320787,2207,56,"There were 173 genes either with lengths not multiples of 3 or not above length threshold (default 240bp), these genes have been ignored","","full","madin","none","2.7.3"
"train","GCF_027048465.1","ok",2.11600255225356,1.80461224130094,2.49023654324423,2029,63,"There were 259 genes either with lengths not multiples of 3 or not above length threshold (default 240bp), these genes have been ignored","","full","madin","none","2.7.3"
"train","GCF_027375625.1","ok",9.87407222659402,7.93594443893125,12.3714360473686,1663,57,"There were 157 genes either with lengths not multiples of 3 or not above length threshold (default 240bp), these genes have been ignored | There were 2 genes with ambiguous bases, these genes have been ignored | Estimated doubling time >5 hours. CUB signal saturates at approx. 5 hrs... gRodon may underestimate doubling times above this range. Consider simply reporting as '>5hrs'. (In other words, this microbe definitely grows slowly, but we can't tell you quite how slowly).","","full","madin","none","2.7.3"
"train","GCF_027912195.1","ok",4.62628547984232,3.64573891033505,5.91950846460811,4966,55,"There were 303 genes either with lengths not multiples of 3 or not above length threshold (default 240bp), these genes have been ignored","","full","madin","none","2.7.3"
"train","GCF_027923385.1","ok",2.59674034530225,2.24450879145429,3.01347970252001,5151,57,"There were 441 genes either with lengths not multiples of 3 or not above length threshold (default 240bp), these genes have been ignored","","full","madin","none","2.7.3"
"train","GCF_027925485.1","ok",7.37592202472567,5.56800260694918,9.88532144693249,2188,54,"There were 144 genes either with lengths not multiples of 3 or not above length threshold (default 240bp), these genes have been ignored | Estimated doubling time >5 hours. CUB signal saturates at approx. 5 hrs... gRodon may underestimate doubling times above this range. Consider simply reporting as '>5hrs'. (In other words, this microbe definitely grows slowly, but we can't tell you quite how slowly).","","full","madin","none","2.7.3"
"train","GCF_027947375.1","ok",0.173463677885296,0.132554803151215,0.22942517566493,1795,55,"There were 305 genes either with lengths not multiples of 3 or not above length threshold (default 240bp), these genes have been ignored","","full","madin","none","2.7.3"
"train","GCF_028355655.1","ok",0.265288333696565,0.212923550435536,0.332872207391587,4485,58,"There were 262 genes either with lengths not multiples of 3 or not above length threshold (default 240bp), these genes have been ignored","","full","madin","none","2.7.3"
"train","GCF_028857315.1","ok",0.311257046855844,0.247989511269101,0.393624227772755,4531,61,"There were 554 genes either with lengths not multiples of 3 or not above length threshold (default 240bp), these genes have been ignored","","full","madin","none","2.7.3"
"train","GCF_029912275.1","ok",0.327315928276145,0.265214009637575,0.40657423461594,5612,56,"There were 656 genes either with lengths not multiples of 3 or not above length threshold (default 240bp), these genes have been ignored","","full","madin","none","2.7.3"
"train","GCF_030166575.1","ok",3.37283991749214,2.67890485850167,4.27959720207953,2367,56,"There were 210 genes either with lengths not multiples of 3 or not above length threshold (default 240bp), these genes have been ignored","","full","madin","none","2.7.3"
"train","GCF_030546425.1","ok",0.491875517489066,0.397080590667892,0.613387215756962,4035,56,"There were 224 genes either with lengths not multiples of 3 or not above length threshold (default 240bp), these genes have been ignored","","full","madin","none","2.7.3"
"train","GCF_030700495.1","ok",1.62990709177992,1.17055293731907,2.30673263470537,880,52,"There were 53 genes either with lengths not multiples of 3 or not above length threshold (default 240bp), these genes have been ignored","","full","madin","none","2.7.3"
"train","GCF_030803985.1","ok",10.3681051216108,8.43023278655409,12.8312205777854,2569,52,"There were 260 genes either with lengths not multiples of 3 or not above length threshold (default 240bp), these genes have been ignored | Estimated doubling time >5 hours. CUB signal saturates at approx. 5 hrs... gRodon may underestimate doubling times above this range. Consider simply reporting as '>5hrs'. (In other words, this microbe definitely grows slowly, but we can't tell you quite how slowly).","","full","madin","none","2.7.3"
"train","GCF_031451685.1","ok",2.02960539659292,1.53710215081454,2.71056451838625,3296,55,"There were 163 genes either with lengths not multiples of 3 or not above length threshold (default 240bp), these genes have been ignored","","full","madin","none","2.7.3"
"train","GCF_032970405.1","ok",0.233279520731608,0.184521407868333,0.297302830325867,4590,57,"There were 257 genes either with lengths not multiples of 3 or not above length threshold (default 240bp), these genes have been ignored | There were 366 genes with ambiguous bases, these genes have been ignored","","full","madin","none","2.7.3"
"train","GCF_033842665.1","ok",4.66370581782492,3.92405412213353,5.5667877356145,3274,54,"There were 165 genes either with lengths not multiples of 3 or not above length threshold (default 240bp), these genes have been ignored","","full","madin","none","2.7.3"
"train","GCF_034721355.1","ok",0.111091006141409,0.0834767729773245,0.149630462978544,4673,58,"There were 320 genes either with lengths not multiples of 3 or not above length threshold (default 240bp), these genes have been ignored","","full","madin","none","2.7.3"
"train","GCF_035211335.1","ok",2.6077060741371,2.12789520951981,3.21500536181418,8523,56,"There were 813 genes either with lengths not multiples of 3 or not above length threshold (default 240bp), these genes have been ignored","","full","madin","none","2.7.3"
"train","GCF_036225925.1","ok",3.66063320763223,3.24451655850309,4.13877926737416,3067,55,"There were 561 genes either with lengths not multiples of 3 or not above length threshold (default 240bp), these genes have been ignored","","full","madin","none","2.7.3"
"train","GCF_037076595.1","ok",0.277598379226614,0.223340002436934,0.347427793561123,3618,55,"There were 115 genes either with lengths not multiples of 3 or not above length threshold (default 240bp), these genes have been ignored","","full","madin","none","2.7.3"
"train","GCF_037190085.1","ok",1.63563617109856,1.34481007772439,2.00047747744298,3699,56,"There were 104 genes either with lengths not multiples of 3 or not above length threshold (default 240bp), these genes have been ignored","","full","madin","none","2.7.3"
"train","GCF_037477945.1","ok",16.3546775214294,12.315435476325,21.9777457060266,2465,53,"There were 205 genes either with lengths not multiples of 3 or not above length threshold (default 240bp), these genes have been ignored | Estimated doubling time >5 hours. CUB signal saturates at approx. 5 hrs... gRodon may underestimate doubling times above this range. Consider simply reporting as '>5hrs'. (In other words, this microbe definitely grows slowly, but we can't tell you quite how slowly).","","full","madin","none","2.7.3"
"train","GCF_037804945.1","ok",4.83277704857936,3.66863435487913,6.43789407971229,4175,55,"There were 260 genes either with lengths not multiples of 3 or not above length threshold (default 240bp), these genes have been ignored","","full","madin","none","2.7.3"
"train","GCF_037889345.1","ok",1.06193717329628,0.714915968612113,1.61484620952923,1886,51,"There were 106 genes either with lengths not multiples of 3 or not above length threshold (default 240bp), these genes have been ignored","","full","madin","none","2.7.3"
"train","GCF_039405155.1","ok",4.36277181399793,3.36876886340852,5.70579211690353,415,54,"There were 21 genes either with lengths not multiples of 3 or not above length threshold (default 240bp), these genes have been ignored","","full","madin","none","2.7.3"
"train","GCF_039414295.1","ok",10.4021384398248,8.20209429593104,13.3017631291877,3572,55,"There were 278 genes either with lengths not multiples of 3 or not above length threshold (default 240bp), these genes have been ignored | Estimated doubling time >5 hours. CUB signal saturates at approx. 5 hrs... gRodon may underestimate doubling times above this range. Consider simply reporting as '>5hrs'. (In other words, this microbe definitely grows slowly, but we can't tell you quite how slowly).","","full","madin","none","2.7.3"
"train","GCF_039521845.1","ok",1.02147426692225,0.883505271955539,1.18458432862867,2511,55,"There were 181 genes either with lengths not multiples of 3 or not above length threshold (default 240bp), these genes have been ignored","","full","madin","none","2.7.3"
"train","GCF_039522505.1","ok",3.56005892512471,3.00116882749725,4.24091429625619,3947,56,"There were 446 genes either with lengths not multiples of 3 or not above length threshold (default 240bp), these genes have been ignored","","full","madin","none","2.7.3"
"train","GCF_900095385.1","ok",8.99376463926345,7.25324861633267,11.2274448635715,2690,58,"There were 230 genes either with lengths not multiples of 3 or not above length threshold (default 240bp), these genes have been ignored | Estimated doubling time >5 hours. CUB signal saturates at approx. 5 hrs... gRodon may underestimate doubling times above this range. Consider simply reporting as '>5hrs'. (In other words, this microbe definitely grows slowly, but we can't tell you quite how slowly).","","full","madin","none","2.7.3"
"train","GCF_900101845.1","ok",6.63653544439633,5.50653221102605,8.03900899723637,5854,53,"There were 673 genes either with lengths not multiples of 3 or not above length threshold (default 240bp), these genes have been ignored | Estimated doubling time >5 hours. CUB signal saturates at approx. 5 hrs... gRodon may underestimate doubling times above this range. Consider simply reporting as '>5hrs'. (In other words, this microbe definitely grows slowly, but we can't tell you quite how slowly).","","full","madin","none","2.7.3"
"train","GCF_900103735.1","ok",2.17144022008087,1.91360034562667,2.46969713794797,4281,55,"There were 304 genes either with lengths not multiples of 3 or not above length threshold (default 240bp), these genes have been ignored","","full","madin","none","2.7.3"
"train","GCF_900103835.1","ok",4.77556618596865,4.11974536219168,5.55326230371082,2799,52,"There were 229 genes either with lengths not multiples of 3 or not above length threshold (default 240bp), these genes have been ignored","","full","madin","none","2.7.3"
"train","GCF_900106715.1","ok",3.60400494968632,3.07480506877809,4.2397245391058,3970,57,"There were 355 genes either with lengths not multiples of 3 or not above length threshold (default 240bp), these genes have been ignored","","full","madin","none","2.7.3"
"train","GCF_900106765.1","ok",5.4425475467535,4.54932708536708,6.5415769930096,3046,54,"There were 303 genes either with lengths not multiples of 3 or not above length threshold (default 240bp), these genes have been ignored | Estimated doubling time >5 hours. CUB signal saturates at approx. 5 hrs... gRodon may underestimate doubling times above this range. Consider simply reporting as '>5hrs'. (In other words, this microbe definitely grows slowly, but we can't tell you quite how slowly).","","full","madin","none","2.7.3"
"train","GCF_900108185.1","ok",1.81039642499523,1.52922528075956,2.15212942159294,4501,54,"There were 192 genes either with lengths not multiples of 3 or not above length threshold (default 240bp), these genes have been ignored","","full","madin","none","2.7.3"
"train","GCF_900111795.1","ok",0.855820779630181,0.722200146355017,1.01840746823692,2835,57,"There were 398 genes either with lengths not multiples of 3 or not above length threshold (default 240bp), these genes have been ignored","","full","madin","none","2.7.3"
"train","GCF_900114025.1","ok",4.43811821573519,3.64442161361008,5.4352795628388,3697,57,"There were 447 genes either with lengths not multiples of 3 or not above length threshold (default 240bp), these genes have been ignored","","full","madin","none","2.7.3"
"train","GCF_900129575.1","ok",2.42903010379388,2.13549277080824,2.7695255722206,2918,55,"There were 181 genes either with lengths not multiples of 3 or not above length threshold (default 240bp), these genes have been ignored","","full","madin","none","2.7.3"
"train","GCF_900129725.1","ok",3.46026540862091,2.98874638763418,4.01860799327194,6771,56,"There were 256 genes either with lengths not multiples of 3 or not above length threshold (default 240bp), these genes have been ignored","","full","madin","none","2.7.3"
"train","GCF_900129805.1","ok",8.71033887925296,6.77204026287854,11.3079985523861,2182,53,"There were 209 genes either with lengths not multiples of 3 or not above length threshold (default 240bp), these genes have been ignored | Estimated doubling time >5 hours. CUB signal saturates at approx. 5 hrs... gRodon may underestimate doubling times above this range. Consider simply reporting as '>5hrs'. (In other words, this microbe definitely grows slowly, but we can't tell you quite how slowly).","","full","madin","none","2.7.3"
"train","GCF_900129965.1","ok",2.24436750703013,1.80473232248328,2.81052381529115,4228,54,"There were 418 genes either with lengths not multiples of 3 or not above length threshold (default 240bp), these genes have been ignored","","full","madin","none","2.7.3"
"train","GCF_900129985.1","ok",7.66414693791202,6.26556044969167,9.43049009167544,1598,52,"There were 76 genes either with lengths not multiples of 3 or not above length threshold (default 240bp), these genes have been ignored | Estimated doubling time >5 hours. CUB signal saturates at approx. 5 hrs... gRodon may underestimate doubling times above this range. Consider simply reporting as '>5hrs'. (In other words, this microbe definitely grows slowly, but we can't tell you quite how slowly).","","full","madin","none","2.7.3"
"train","GCF_900142145.1","ok",2.4375766118984,2.17808530202498,2.73295423509441,3816,54,"There were 416 genes either with lengths not multiples of 3 or not above length threshold (default 240bp), these genes have been ignored","","full","madin","none","2.7.3"
"train","GCF_900142215.1","ok",1.01352463486619,0.858995353098558,1.20060132610193,5699,53,"There were 370 genes either with lengths not multiples of 3 or not above length threshold (default 240bp), these genes have been ignored","","full","madin","none","2.7.3"
"train","GCF_900156105.1","ok",11.4585425821828,9.02045588173705,14.678068740233,2877,54,"There were 105 genes either with lengths not multiples of 3 or not above length threshold (default 240bp), these genes have been ignored | Estimated doubling time >5 hours. CUB signal saturates at approx. 5 hrs... gRodon may underestimate doubling times above this range. Consider simply reporting as '>5hrs'. (In other words, this microbe definitely grows slowly, but we can't tell you quite how slowly).","","full","madin","none","2.7.3"
"train","GCF_900167395.1","ok",4.48574112439033,3.37699541982904,6.02970980946024,2649,55,"There were 248 genes either with lengths not multiples of 3 or not above length threshold (default 240bp), these genes have been ignored","","full","madin","none","2.7.3"
"train","GCF_900169305.1","ok",0.811358578475424,0.691388579028703,0.955679633661933,2115,57,"There were 109 genes either with lengths not multiples of 3 or not above length threshold (default 240bp), these genes have been ignored","","full","madin","none","2.7.3"
"train","GCF_900176005.1","ok",8.78958768243774,7.00248772514713,11.116381491808,3357,53,"There were 298 genes either with lengths not multiples of 3 or not above length threshold (default 240bp), these genes have been ignored | Estimated doubling time >5 hours. CUB signal saturates at approx. 5 hrs... gRodon may underestimate doubling times above this range. Consider simply reporting as '>5hrs'. (In other words, this microbe definitely grows slowly, but we can't tell you quite how slowly).","","full","madin","none","2.7.3"
"train","GCF_900182585.1","ok",5.02635918227959,3.70956425590559,6.90410117425067,1873,54,"There were 145 genes either with lengths not multiples of 3 or not above length threshold (default 240bp), these genes have been ignored | Estimated doubling time >5 hours. CUB signal saturates at approx. 5 hrs... gRodon may underestimate doubling times above this range. Consider simply reporting as '>5hrs'. (In other words, this microbe definitely grows slowly, but we can't tell you quite how slowly).","","full","madin","none","2.7.3"
"train","GCF_900184185.1","ok",4.79310634471412,3.95122564281627,5.84599020133802,2812,52,"There were 270 genes either with lengths not multiples of 3 or not above length threshold (default 240bp), these genes have been ignored","","full","madin","none","2.7.3"
"train","GCF_900332065.1","ok",0.862384715355444,0.736847661776083,1.01292911668869,2493,58,"There were 219 genes either with lengths not multiples of 3 or not above length threshold (default 240bp), these genes have been ignored","","full","madin","none","2.7.3"
"train","GCF_900454615.1","ok",0.331471831327867,0.269245440707963,0.410658251721678,3269,55,"There were 156 genes either with lengths not multiples of 3 or not above length threshold (default 240bp), these genes have been ignored","","full","madin","none","2.7.3"
"train","GCF_900465415.1","ok",0.406570970017027,0.332151053913133,0.50063515177426,3409,55,"There were 180 genes either with lengths not multiples of 3 or not above length threshold (default 240bp), these genes have been ignored","","full","madin","none","2.7.3"
"train","GCF_904830885.1","ok",7.78241375180121,5.6378456829978,10.9094732056996,4672,56,"There were 523 genes either with lengths not multiples of 3 or not above length threshold (default 240bp), these genes have been ignored | Estimated doubling time >5 hours. CUB signal saturates at approx. 5 hrs... gRodon may underestimate doubling times above this range. Consider simply reporting as '>5hrs'. (In other words, this microbe definitely grows slowly, but we can't tell you quite how slowly).","","full","madin","none","2.7.3"
"train","GCF_904845985.1","ok",1.58411745419752,1.39421867460087,1.80411293438349,2512,54,"There were 114 genes either with lengths not multiples of 3 or not above length threshold (default 240bp), these genes have been ignored","","full","madin","none","2.7.3"
"train","GCF_904846205.1","ok",1.35074836820986,1.18326141310909,1.54584202448826,2702,54,"There were 146 genes either with lengths not multiples of 3 or not above length threshold (default 240bp), these genes have been ignored","","full","madin","none","2.7.3"
"train","GCF_907165215.1","ok",3.10314764311086,2.55376473475856,3.79159472396412,3863,54,"There were 243 genes either with lengths not multiples of 3 or not above length threshold (default 240bp), these genes have been ignored","","full","madin","none","2.7.3"
"train","GCF_937920065.1","ok",15.7171011901202,11.9166125744185,20.9647922879866,2486,60,"There were 286 genes either with lengths not multiples of 3 or not above length threshold (default 240bp), these genes have been ignored | Estimated doubling time >5 hours. CUB signal saturates at approx. 5 hrs... gRodon may underestimate doubling times above this range. Consider simply reporting as '>5hrs'. (In other words, this microbe definitely grows slowly, but we can't tell you quite how slowly).","","full","madin","none","2.7.3"
"train","GCF_943908195.1","ok",10.0622370962708,7.65207727065513,13.3782828731034,3178,53,"There were 196 genes either with lengths not multiples of 3 or not above length threshold (default 240bp), these genes have been ignored | Estimated doubling time >5 hours. CUB signal saturates at approx. 5 hrs... gRodon may underestimate doubling times above this range. Consider simply reporting as '>5hrs'. (In other words, this microbe definitely grows slowly, but we can't tell you quite how slowly).","","full","madin","none","2.7.3"
"val","GCA_003452855.1","ok",4.9702581105828,4.25380065237701,5.82776976020799,3967,47,"There were 1106 genes either with lengths not multiples of 3 or not above length threshold (default 240bp), these genes have been ignored | There were 55 genes with ambiguous bases, these genes have been ignored","","full","madin","none","2.7.3"
"val","GCA_014493705.1","ok",0.633001385153,0.537160524924503,0.748858950020579,4421,32,"There were 719 genes either with lengths not multiples of 3 or not above length threshold (default 240bp), these genes have been ignored","","full","madin","none","2.7.3"
"val","GCA_026565205.1","ok",0.718354700970019,0.609978827625458,0.84926776309269,4006,57,"There were 284 genes either with lengths not multiples of 3 or not above length threshold (default 240bp), these genes have been ignored","","full","madin","none","2.7.3"
"val","GCA_026757595.1","ok",0.566467459108757,0.455333453850248,0.70964822573474,2715,57,"There were 320 genes either with lengths not multiples of 3 or not above length threshold (default 240bp), these genes have been ignored","","full","madin","none","2.7.3"
"val","GCA_028143605.1","ok",7.4091804547165,5.92669210153586,9.33016077259196,1210,46,"There were 68 genes either with lengths not multiples of 3 or not above length threshold (default 240bp), these genes have been ignored | Estimated doubling time >5 hours. CUB signal saturates at approx. 5 hrs... gRodon may underestimate doubling times above this range. Consider simply reporting as '>5hrs'. (In other words, this microbe definitely grows slowly, but we can't tell you quite how slowly).","","full","madin","none","2.7.3"
"val","GCF_000429305.1","ok",3.5908204815533,3.12738666742644,4.13429933462677,4903,55,"There were 300 genes either with lengths not multiples of 3 or not above length threshold (default 240bp), these genes have been ignored","","full","madin","none","2.7.3"
"val","GCF_001263355.1","ok",1.70720685517676,1.51199750772214,1.93171299372362,3889,53,"There were 324 genes either with lengths not multiples of 3 or not above length threshold (default 240bp), these genes have been ignored","","full","madin","none","2.7.3"
"val","GCF_001307275.1","ok",0.325820028585302,0.261596707257345,0.408675408832969,6127,55,"There were 279 genes either with lengths not multiples of 3 or not above length threshold (default 240bp), these genes have been ignored","","full","madin","none","2.7.3"
"val","GCF_001999545.1","ok",6.99443694556035,5.6538074663294,8.71027288257167,1957,52,"There were 145 genes either with lengths not multiples of 3 or not above length threshold (default 240bp), these genes have been ignored | Estimated doubling time >5 hours. CUB signal saturates at approx. 5 hrs... gRodon may underestimate doubling times above this range. Consider simply reporting as '>5hrs'. (In other words, this microbe definitely grows slowly, but we can't tell you quite how slowly).","","full","madin","none","2.7.3"
"val","GCF_002893185.1","ok",7.67540338077326,6.07476049491499,9.77570003926281,3836,55,"There were 722 genes either with lengths not multiples of 3 or not above length threshold (default 240bp), these genes have been ignored | Estimated doubling time >5 hours. CUB signal saturates at approx. 5 hrs... gRodon may underestimate doubling times above this range. Consider simply reporting as '>5hrs'. (In other words, this microbe definitely grows slowly, but we can't tell you quite how slowly).","","full","madin","none","2.7.3"
"val","GCF_004006935.1","ok",1.17330095699611,0.854461386739267,1.63528403131249,4870,54,"There were 185 genes either with lengths not multiples of 3 or not above length threshold (default 240bp), these genes have been ignored","","full","madin","none","2.7.3"
"val","GCF_013267335.1","ok",0.334466952402578,0.271358778851671,0.414886914128758,5379,56,"There were 637 genes either with lengths not multiples of 3 or not above length threshold (default 240bp), these genes have been ignored","","full","madin","none","2.7.3"
"val","GCF_016906995.1","ok",2.21212107583969,1.90961250575157,2.57056651483074,3367,55,"There were 154 genes either with lengths not multiples of 3 or not above length threshold (default 240bp), these genes have been ignored","","full","madin","none","2.7.3"
"val","GCF_018390735.1","ok",1.68632131484679,1.50350972301838,1.89494420359651,3859,55,"There were 168 genes either with lengths not multiples of 3 or not above length threshold (default 240bp), these genes have been ignored","","full","madin","none","2.7.3"
"val","GCF_018861705.1","ok",2.74009284745338,2.26675011062046,3.32963582582293,3833,54,"There were 443 genes either with lengths not multiples of 3 or not above length threshold (default 240bp), these genes have been ignored","","full","madin","none","2.7.3"
"val","GCF_019689215.1","ok",1.12238428738172,0.963505759964565,1.31187129751964,5863,56,"There were 450 genes either with lengths not multiples of 3 or not above length threshold (default 240bp), these genes have been ignored","","full","madin","none","2.7.3"
"val","GCF_020740325.1","ok",0.559028329348153,0.432229087091619,0.730082124444907,4075,56,"There were 584 genes either with lengths not multiples of 3 or not above length threshold (default 240bp), these genes have been ignored","","full","madin","none","2.7.3"
"val","GCF_021229285.1","ok",3.33619007379199,2.7197808186147,4.11724711803474,9050,55,"There were 982 genes either with lengths not multiples of 3 or not above length threshold (default 240bp), these genes have been ignored","","full","madin","none","2.7.3"
"val","GCF_023283945.1","ok",1.23073527844945,1.08573669654175,1.39825785731462,4215,54,"There were 229 genes either with lengths not multiples of 3 or not above length threshold (default 240bp), these genes have been ignored","","full","madin","none","2.7.3"
"val","GCF_023712965.1","ok",1.76026238028187,1.41436033117976,2.20611750421469,3686,54,"There were 246 genes either with lengths not multiples of 3 or not above length threshold (default 240bp), these genes have been ignored","","full","madin","none","2.7.3"
"val","GCF_024500045.1","ok",5.24487592638379,4.52183523893242,6.10289677750819,2524,58,"There were 215 genes either with lengths not multiples of 3 or not above length threshold (default 240bp), these genes have been ignored | Estimated doubling time >5 hours. CUB signal saturates at approx. 5 hrs... gRodon may underestimate doubling times above this range. Consider simply reporting as '>5hrs'. (In other words, this microbe definitely grows slowly, but we can't tell you quite how slowly).","","full","madin","none","2.7.3"
"val","GCF_024762195.1","ok",0.679183930396513,0.564394076321565,0.821399038567605,1941,55,"There were 165 genes either with lengths not multiples of 3 or not above length threshold (default 240bp), these genes have been ignored","","full","madin","none","2.7.3"
"val","GCF_026914305.1","ok",4.06769339834564,3.27482613176548,5.08729238723213,2589,52,"There were 208 genes either with lengths not multiples of 3 or not above length threshold (default 240bp), these genes have been ignored","","full","madin","none","2.7.3"
"val","GCF_033042455.1","ok",1.46258008598006,1.25065121967157,1.71649348640144,8365,61,"There were 527 genes either with lengths not multiples of 3 or not above length threshold (default 240bp), these genes have been ignored","","full","madin","none","2.7.3"
"val","GCF_945859885.1","ok",0.517209102947653,0.43030697256995,0.624723262778006,3669,57,"There were 292 genes either with lengths not multiples of 3 or not above length threshold (default 240bp), these genes have been ignored","","full","madin","none","2.7.3"
"test","GCA_001509385.1","ok",8.95301497155386,7.29091176044781,11.061767987223,1738,45,"There were 274 genes either with lengths not multiples of 3 or not above length threshold (default 240bp), these genes have been ignored | Estimated doubling time >5 hours. CUB signal saturates at approx. 5 hrs... gRodon may underestimate doubling times above this range. Consider simply reporting as '>5hrs'. (In other words, this microbe definitely grows slowly, but we can't tell you quite how slowly).","","full","madin","none","2.7.3"
"test","GCA_002128215.1","ok",7.38037594089873,4.97688540421993,11.2021079054431,5112,100,"There were 1982 genes either with lengths not multiples of 3 or not above length threshold (default 240bp), these genes have been ignored | Estimated doubling time >5 hours. CUB signal saturates at approx. 5 hrs... gRodon may underestimate doubling times above this range. Consider simply reporting as '>5hrs'. (In other words, this microbe definitely grows slowly, but we can't tell you quite how slowly).","","full","madin","none","2.7.3"
"test","GCA_016704125.1","ok",1.81367161070531,1.34539573083696,2.47735405031402,2072,54,"There were 337 genes either with lengths not multiples of 3 or not above length threshold (default 240bp), these genes have been ignored","","full","madin","none","2.7.3"
"test","GCA_019029225.1","ok",0.555066686789684,0.465952948192753,0.66416658174654,3044,60,"There were 327 genes either with lengths not multiples of 3 or not above length threshold (default 240bp), these genes have been ignored","","full","madin","none","2.7.3"
"test","GCA_029338435.1","ok",0.0390744922401016,0.0276556900347063,0.0561976272648383,1669,30,"There were 149 genes either with lengths not multiples of 3 or not above length threshold (default 240bp), these genes have been ignored","","full","madin","none","2.7.3"
"test","GCA_029367245.1","ok",7.75155231082858,6.46209528895169,9.34309546027206,3085,55,"There were 169 genes either with lengths not multiples of 3 or not above length threshold (default 240bp), these genes have been ignored | Estimated doubling time >5 hours. CUB signal saturates at approx. 5 hrs... gRodon may underestimate doubling times above this range. Consider simply reporting as '>5hrs'. (In other words, this microbe definitely grows slowly, but we can't tell you quite how slowly).","","full","madin","none","2.7.3"
"test","GCA_030322585.1","ok",0.655205722731464,0.517932892645078,0.835590734550332,2966,56,"There were 214 genes either with lengths not multiples of 3 or not above length threshold (default 240bp), these genes have been ignored | There were 1 genes with ambiguous bases, these genes have been ignored","","full","madin","none","2.7.3"
"test","GCA_034941385.1","ok",0.236193605858277,0.186445227365812,0.301675301445502,1805,56,"There were 205 genes either with lengths not multiples of 3 or not above length threshold (default 240bp), these genes have been ignored","","full","madin","none","2.7.3"
"test","GCA_037318575.1","failed",,,,,,"","Annotated CDS FASTA is missing","full","madin","none","2.7.3"
"test","GCA_963572315.1","ok",1.69960913864439,1.34467278492316,2.16554533751425,5912,57,"There were 303 genes either with lengths not multiples of 3 or not above length threshold (default 240bp), these genes have been ignored | There were 3 genes with ambiguous bases, these genes have been ignored","","full","madin","none","2.7.3"
"test","GCF_000147695.1","failed",,,,,,"","Annotated CDS FASTA is missing","full","madin","none","2.7.3"
"test","GCF_000243455.1","ok",1.79983798578643,1.41696130344239,2.30539665910275,2004,60,"There were 273 genes either with lengths not multiples of 3 or not above length threshold (default 240bp), these genes have been ignored","","full","madin","none","2.7.3"
"test","GCF_000336695.1","ok",5.15982213236216,4.21138519694797,6.35994313557306,3085,56,"There were 330 genes either with lengths not multiples of 3 or not above length threshold (default 240bp), these genes have been ignored | There were 57 genes with ambiguous bases, these genes have been ignored | Estimated doubling time >5 hours. CUB signal saturates at approx. 5 hrs... gRodon may underestimate doubling times above this range. Consider simply reporting as '>5hrs'. (In other words, this microbe definitely grows slowly, but we can't tell you quite how slowly).","","full","madin","none","2.7.3"
"test","GCF_000376265.1","ok",2.07830472223677,1.5602653430804,2.80209022274273,2301,54,"There were 128 genes either with lengths not multiples of 3 or not above length threshold (default 240bp), these genes have been ignored | There were 8 genes with ambiguous bases, these genes have been ignored","","full","madin","none","2.7.3"
"test","GCF_000512105.1","ok",8.03225825564717,6.60638267999508,9.82028399403182,2852,55,"There were 256 genes either with lengths not multiples of 3 or not above length threshold (default 240bp), these genes have been ignored | Estimated doubling time >5 hours. CUB signal saturates at approx. 5 hrs... gRodon may underestimate doubling times above this range. Consider simply reporting as '>5hrs'. (In other words, this microbe definitely grows slowly, but we can't tell you quite how slowly).","","full","madin","none","2.7.3"
"test","GCF_000708905.1","ok",8.31754203845247,6.70227606418939,10.3925323503845,1293,54,"There were 176 genes either with lengths not multiples of 3 or not above length threshold (default 240bp), these genes have been ignored | Estimated doubling time >5 hours. CUB signal saturates at approx. 5 hrs... gRodon may underestimate doubling times above this range. Consider simply reporting as '>5hrs'. (In other words, this microbe definitely grows slowly, but we can't tell you quite how slowly).","","full","madin","none","2.7.3"
"test","GCF_000817325.1","ok",2.91002915995652,2.32625157669954,3.66705922817528,2722,53,"There were 209 genes either with lengths not multiples of 3 or not above length threshold (default 240bp), these genes have been ignored","","full","madin","none","2.7.3"
"test","GCF_001050215.1","ok",13.5045785817446,10.483384515999,17.5608616232346,3372,55,"There were 178 genes either with lengths not multiples of 3 or not above length threshold (default 240bp), these genes have been ignored | Estimated doubling time >5 hours. CUB signal saturates at approx. 5 hrs... gRodon may underestimate doubling times above this range. Consider simply reporting as '>5hrs'. (In other words, this microbe definitely grows slowly, but we can't tell you quite how slowly).","","full","madin","none","2.7.3"
"test","GCF_001484195.1","ok",0.57262964561103,0.467214050456824,0.706072667939162,2619,62,"There were 339 genes either with lengths not multiples of 3 or not above length threshold (default 240bp), these genes have been ignored","","full","madin","none","2.7.3"
"test","GCF_001567655.1","ok",4.65349287320041,3.66737503714499,5.95398165496208,3829,55,"There were 444 genes either with lengths not multiples of 3 or not above length threshold (default 240bp), these genes have been ignored","","full","madin","none","2.7.3"
"test","GCF_001678785.1","ok",2.15758630976418,1.75818118968163,2.66393326394087,4232,55,"There were 1003 genes either with lengths not multiples of 3 or not above length threshold (default 240bp), these genes have been ignored","","full","madin","none","2.7.3"
"test","GCF_001696705.1","ok",0.487428066420086,0.406267569651118,0.587624826349644,4685,56,"There were 498 genes either with lengths not multiples of 3 or not above length threshold (default 240bp), these genes have been ignored","","full","madin","none","2.7.3"
"test","GCF_001715425.1","ok",1.12310987691833,0.972851102869558,1.30044301799363,3158,54,"There were 329 genes either with lengths not multiples of 3 or not above length threshold (default 240bp), these genes have been ignored | There were 1 genes with ambiguous bases, these genes have been ignored","","full","madin","none","2.7.3"
"test","GCF_001869735.1","ok",4.10428506385002,3.54056127882829,4.77278876198266,2146,57,"There were 363 genes either with lengths not multiples of 3 or not above length threshold (default 240bp), these genes have been ignored | There were 6 genes with ambiguous bases, these genes have been ignored","","full","madin","none","2.7.3"
"test","GCF_001928355.1","ok",2.67432599981107,2.07420535529262,3.48089761811964,4028,57,"There were 664 genes either with lengths not multiples of 3 or not above length threshold (default 240bp), these genes have been ignored","","full","madin","none","2.7.3"
"test","GCF_002192615.1","ok",7.26893199321551,6.08827685466877,8.71818193288642,904,53,"There were 57 genes either with lengths not multiples of 3 or not above length threshold (default 240bp), these genes have been ignored | Estimated doubling time >5 hours. CUB signal saturates at approx. 5 hrs... gRodon may underestimate doubling times above this range. Consider simply reporting as '>5hrs'. (In other words, this microbe definitely grows slowly, but we can't tell you quite how slowly).","","full","madin","none","2.7.3"
"test","GCF_002216005.1","ok",8.10934677491276,6.74600155249667,9.79629482053461,2702,53,"There were 446 genes either with lengths not multiples of 3 or not above length threshold (default 240bp), these genes have been ignored | Estimated doubling time >5 hours. CUB signal saturates at approx. 5 hrs... gRodon may underestimate doubling times above this range. Consider simply reporting as '>5hrs'. (In other words, this microbe definitely grows slowly, but we can't tell you quite how slowly).","","full","madin","none","2.7.3"
"test","GCF_002285495.1","ok",1.04076205914294,0.80863828988681,1.3520880687276,2671,57,"There were 202 genes either with lengths not multiples of 3 or not above length threshold (default 240bp), these genes have been ignored","","full","madin","none","2.7.3"
"test","GCF_002909415.1","ok",0.806849026271102,0.685653668357453,0.953114738668219,3838,55,"There were 200 genes either with lengths not multiples of 3 or not above length threshold (default 240bp), these genes have been ignored | There were 3 genes with ambiguous bases, these genes have been ignored","","full","madin","none","2.7.3"
"test","GCF_003173335.1","ok",4.03522235449015,3.41749262377037,4.78369790956339,3582,58,"There were 355 genes either with lengths not multiples of 3 or not above length threshold (default 240bp), these genes have been ignored","","full","madin","none","2.7.3"
"test","GCF_003253775.1","ok",15.5194129910266,11.456049716487,21.3123046365303,2999,54,"There were 1076 genes either with lengths not multiples of 3 or not above length threshold (default 240bp), these genes have been ignored | Estimated doubling time >5 hours. CUB signal saturates at approx. 5 hrs... gRodon may underestimate doubling times above this range. Consider simply reporting as '>5hrs'. (In other words, this microbe definitely grows slowly, but we can't tell you quite how slowly).","","full","madin","none","2.7.3"
"test","GCF_003634755.1","ok",1.33973144629936,1.12695798985476,1.59959820296081,2896,55,"There were 132 genes either with lengths not multiples of 3 or not above length threshold (default 240bp), these genes have been ignored","","full","madin","none","2.7.3"
"test","GCF_003688505.1","ok",10.5227969950581,8.53618530452267,13.0547731231214,1884,52,"There were 101 genes either with lengths not multiples of 3 or not above length threshold (default 240bp), these genes have been ignored | Estimated doubling time >5 hours. CUB signal saturates at approx. 5 hrs... gRodon may underestimate doubling times above this range. Consider simply reporting as '>5hrs'. (In other words, this microbe definitely grows slowly, but we can't tell you quite how slowly).","","full","madin","none","2.7.3"
"test","GCF_003935635.1","ok",0.158161221700969,0.116466634397796,0.217776352707438,4836,57,"There were 296 genes either with lengths not multiples of 3 or not above length threshold (default 240bp), these genes have been ignored","","full","madin","none","2.7.3"
"test","GCF_003999925.1","ok",1.00728066667566,0.871047886543694,1.16837714823866,3700,55,"There were 264 genes either with lengths not multiples of 3 or not above length threshold (default 240bp), these genes have been ignored","","full","madin","none","2.7.3"
"test","GCF_004319545.1","ok",8.94599345166528,7.33094780150225,10.9799992897108,4603,56,"There were 411 genes either with lengths not multiples of 3 or not above length threshold (default 240bp), these genes have been ignored | Estimated doubling time >5 hours. CUB signal saturates at approx. 5 hrs... gRodon may underestimate doubling times above this range. Consider simply reporting as '>5hrs'. (In other words, this microbe definitely grows slowly, but we can't tell you quite how slowly).","","full","madin","none","2.7.3"
"test","GCF_004786015.1","ok",1.41951693733686,1.26025829567458,1.60216117244754,2278,55,"There were 87 genes either with lengths not multiples of 3 or not above length threshold (default 240bp), these genes have been ignored","","full","madin","none","2.7.3"
"test","GCF_005502435.1","ok",1.96107963583263,1.69929335475199,2.26991228682862,2281,55,"There were 105 genes either with lengths not multiples of 3 or not above length threshold (default 240bp), these genes have been ignored","","full","madin","none","2.7.3"
"test","GCF_006370045.1","ok",6.00442082692145,4.48653918461567,8.13713135478705,2391,56,"There were 416 genes either with lengths not multiples of 3 or not above length threshold (default 240bp), these genes have been ignored | Estimated doubling time >5 hours. CUB signal saturates at approx. 5 hrs... gRodon may underestimate doubling times above this range. Consider simply reporting as '>5hrs'. (In other words, this microbe definitely grows slowly, but we can't tell you quite how slowly).","","full","madin","none","2.7.3"
"test","GCF_006539545.1","ok",5.78164051947785,4.8101858762198,6.98351599206896,3748,54,"There were 444 genes either with lengths not multiples of 3 or not above length threshold (default 240bp), these genes have been ignored | Estimated doubling time >5 hours. CUB signal saturates at approx. 5 hrs... gRodon may underestimate doubling times above this range. Consider simply reporting as '>5hrs'. (In other words, this microbe definitely grows slowly, but we can't tell you quite how slowly).","","full","madin","none","2.7.3"
"test","GCF_008086615.1","ok",2.77314039047854,2.46135862930029,3.13081520121645,3359,53,"There were 299 genes either with lengths not multiples of 3 or not above length threshold (default 240bp), these genes have been ignored","","full","madin","none","2.7.3"
"test","GCF_009856415.1","ok",0.681962964561835,0.579145055922473,0.806145289079669,3937,58,"There were 366 genes either with lengths not multiples of 3 or not above length threshold (default 240bp), these genes have been ignored","","full","madin","none","2.7.3"
"test","GCF_011604805.1","ok",0.824379647679515,0.662717480833152,1.03263259265945,3196,53,"There were 186 genes either with lengths not multiples of 3 or not above length threshold (default 240bp), these genes have been ignored","","full","madin","none","2.7.3"
"test","GCF_013407525.1","ok",1.98201687487154,1.62145218805257,2.43702073179978,5351,57,"There were 438 genes either with lengths not multiples of 3 or not above length threshold (default 240bp), these genes have been ignored","","full","madin","none","2.7.3"
"test","GCF_014202435.1","ok",3.96127903194676,2.306797480653,7.11401491172995,3016,56,"There were 145 genes either with lengths not multiples of 3 or not above length threshold (default 240bp), these genes have been ignored","","full","madin","none","2.7.3"
"test","GCF_014646935.1","ok",3.72236932844508,2.82326596465143,4.96332810724606,2417,55,"There were 239 genes either with lengths not multiples of 3 or not above length threshold (default 240bp), these genes have been ignored | There were 1 genes with ambiguous bases, these genes have been ignored","","full","madin","none","2.7.3"
"test","GCF_014962245.1","ok",6.34781474492757,5.16642534502779,7.84767650252758,1418,63,"There were 85 genes either with lengths not multiples of 3 or not above length threshold (default 240bp), these genes have been ignored | Estimated doubling time >5 hours. CUB signal saturates at approx. 5 hrs... gRodon may underestimate doubling times above this range. Consider simply reporting as '>5hrs'. (In other words, this microbe definitely grows slowly, but we can't tell you quite how slowly).","","full","madin","none","2.7.3"
"test","GCF_015912085.1","ok",1.34932022237093,0.9870482649214,1.87142887356086,4708,54,"There were 382 genes either with lengths not multiples of 3 or not above length threshold (default 240bp), these genes have been ignored","","full","madin","none","2.7.3"
"test","GCF_016583925.1","ok",3.40138420869114,2.78390046159032,4.18017472138498,3803,55,"There were 313 genes either with lengths not multiples of 3 or not above length threshold (default 240bp), these genes have been ignored","","full","madin","none","2.7.3"
"test","GCF_016860465.1","ok",0.464377297672687,0.362851224394811,0.599634814507933,2507,53,"There were 358 genes either with lengths not multiples of 3 or not above length threshold (default 240bp), these genes have been ignored","","full","madin","none","2.7.3"
"test","GCF_018853755.1","ok",9.23109467553641,7.52007938230315,11.4009816147688,2985,55,"There were 370 genes either with lengths not multiples of 3 or not above length threshold (default 240bp), these genes have been ignored | Estimated doubling time >5 hours. CUB signal saturates at approx. 5 hrs... gRodon may underestimate doubling times above this range. Consider simply reporting as '>5hrs'. (In other words, this microbe definitely grows slowly, but we can't tell you quite how slowly).","","full","madin","none","2.7.3"
"test","GCF_019285535.1","ok",10.7553190130443,8.52968211434838,13.6687022163214,2915,54,"There were 155 genes either with lengths not multiples of 3 or not above length threshold (default 240bp), these genes have been ignored | Estimated doubling time >5 hours. CUB signal saturates at approx. 5 hrs... gRodon may underestimate doubling times above this range. Consider simply reporting as '>5hrs'. (In other words, this microbe definitely grows slowly, but we can't tell you quite how slowly).","","full","madin","none","2.7.3"
"test","GCF_020784175.1","ok",2.77020430970939,2.1188144068982,3.66031434555834,4240,56,"There were 278 genes either with lengths not multiples of 3 or not above length threshold (default 240bp), these genes have been ignored","","full","madin","none","2.7.3"
"test","GCF_021391295.1","ok",1.25934654560045,1.10761817770878,1.43526274310816,3689,56,"There were 311 genes either with lengths not multiples of 3 or not above length threshold (default 240bp), these genes have been ignored","","full","madin","none","2.7.3"
"test","GCF_021870015.1","ok",4.36240309777661,3.67382259364505,5.20224876997557,952,53,"There were 63 genes either with lengths not multiples of 3 or not above length threshold (default 240bp), these genes have been ignored","","full","madin","none","2.7.3"
"test","GCF_023283765.1","ok",0.914540406362288,0.793962140057111,1.05647393059519,4207,56,"There were 284 genes either with lengths not multiples of 3 or not above length threshold (default 240bp), these genes have been ignored","","full","madin","none","2.7.3"
"test","GCF_026127295.1","ok",3.14317157090741,2.54845563419135,3.90160898882511,3709,54,"There were 400 genes either with lengths not multiples of 3 or not above length threshold (default 240bp), these genes have been ignored | There were 1 genes with ambiguous bases, these genes have been ignored","","full","madin","none","2.7.3"
"test","GCF_026627265.1","ok",11.3026582285986,9.01878014553142,14.2707303277533,2537,62,"There were 213 genes either with lengths not multiples of 3 or not above length threshold (default 240bp), these genes have been ignored | Estimated doubling time >5 hours. CUB signal saturates at approx. 5 hrs... gRodon may underestimate doubling times above this range. Consider simply reporting as '>5hrs'. (In other words, this microbe definitely grows slowly, but we can't tell you quite how slowly).","","full","madin","none","2.7.3"
"test","GCF_027925425.1","ok",13.2894298733438,10.4615028227943,17.0238612859401,2087,53,"There were 81 genes either with lengths not multiples of 3 or not above length threshold (default 240bp), these genes have been ignored | Estimated doubling time >5 hours. CUB signal saturates at approx. 5 hrs... gRodon may underestimate doubling times above this range. Consider simply reporting as '>5hrs'. (In other words, this microbe definitely grows slowly, but we can't tell you quite how slowly).","","full","madin","none","2.7.3"
"test","GCF_029636705.1","ok",0.34202651842301,0.278227823691379,0.423073177091532,5647,56,"There were 883 genes either with lengths not multiples of 3 or not above length threshold (default 240bp), these genes have been ignored","","full","madin","none","2.7.3"
"test","GCF_030386135.1","ok",8.35436211777292,6.79903300925675,10.329139847489,1572,54,"There were 224 genes either with lengths not multiples of 3 or not above length threshold (default 240bp), these genes have been ignored | Estimated doubling time >5 hours. CUB signal saturates at approx. 5 hrs... gRodon may underestimate doubling times above this range. Consider simply reporting as '>5hrs'. (In other words, this microbe definitely grows slowly, but we can't tell you quite how slowly).","","full","madin","none","2.7.3"
"test","GCF_031454185.1","ok",4.07679072344037,3.59069924047201,4.63944390209922,2396,58,"There were 222 genes either with lengths not multiples of 3 or not above length threshold (default 240bp), these genes have been ignored","","full","madin","none","2.7.3"
"test","GCF_032304395.1","ok",2.8503752879805,2.47939240086982,3.28607116301276,1949,61,"There were 158 genes either with lengths not multiples of 3 or not above length threshold (default 240bp), these genes have been ignored","","full","madin","none","2.7.3"
"test","GCF_036225825.1","ok",1.35138996268586,1.18589143148616,1.54377624357466,3356,56,"There were 456 genes either with lengths not multiples of 3 or not above length threshold (default 240bp), these genes have been ignored","","full","madin","none","2.7.3"
"test","GCF_036677515.1","ok",1.7727343710305,1.4176135540398,2.23305341194721,2112,53,"There were 102 genes either with lengths not multiples of 3 or not above length threshold (default 240bp), these genes have been ignored","","full","madin","none","2.7.3"
"test","GCF_037151075.1","ok",0.380840644067551,0.311082835109144,0.469027979895867,5627,58,"There were 399 genes either with lengths not multiples of 3 or not above length threshold (default 240bp), these genes have been ignored","","full","madin","none","2.7.3"
"test","GCF_037414695.1","ok",4.26324015343311,3.48401320195426,5.24778032455907,3058,55,"There were 288 genes either with lengths not multiples of 3 or not above length threshold (default 240bp), these genes have been ignored","","full","madin","none","2.7.3"
"test","GCF_900129955.1","ok",2.02820216135482,1.65529396134063,2.50010166990958,6215,59,"There were 757 genes either with lengths not multiples of 3 or not above length threshold (default 240bp), these genes have been ignored","","full","madin","none","2.7.3"
"test","GCF_900176145.1","ok",13.0902658027522,9.97183729863638,17.3720706376095,3780,53,"There were 293 genes either with lengths not multiples of 3 or not above length threshold (default 240bp), these genes have been ignored | Estimated doubling time >5 hours. CUB signal saturates at approx. 5 hrs... gRodon may underestimate doubling times above this range. Consider simply reporting as '>5hrs'. (In other words, this microbe definitely grows slowly, but we can't tell you quite how slowly).","","full","madin","none","2.7.3"
"test","GCF_900215655.1","ok",9.03841595388005,6.71135749064889,12.3326578837878,1721,53,"There were 115 genes either with lengths not multiples of 3 or not above length threshold (default 240bp), these genes have been ignored | Estimated doubling time >5 hours. CUB signal saturates at approx. 5 hrs... gRodon may underestimate doubling times above this range. Consider simply reporting as '>5hrs'. (In other words, this microbe definitely grows slowly, but we can't tell you quite how slowly).","","full","madin","none","2.7.3"
"test","GCF_900497605.1","ok",3.78917561247625,3.07017261655884,4.70683971248989,2599,54,"There were 146 genes either with lengths not multiples of 3 or not above length threshold (default 240bp), these genes have been ignored | There were 1 genes with ambiguous bases, these genes have been ignored","","full","madin","none","2.7.3"
"test","GCF_904846215.1","ok",1.45955009089365,1.2649315591269,1.68909792071876,2711,55,"There were 204 genes either with lengths not multiples of 3 or not above length threshold (default 240bp), these genes have been ignored","","full","madin","none","2.7.3"
"test","GCF_963874245.1","ok",0.757165777633295,0.648789157156008,0.886699934543952,4638,56,"There were 464 genes either with lengths not multiples of 3 or not above length threshold (default 240bp), these genes have been ignored","","full","madin","none","2.7.3"
"test","GCF_963903135.1","ok",6.85506202202302,5.22468551994668,9.0923123661683,4820,57,"There were 710 genes either with lengths not multiples of 3 or not above length threshold (default 240bp), these genes have been ignored | Estimated doubling time >5 hours. CUB signal saturates at approx. 5 hrs... gRodon may underestimate doubling times above this range. Consider simply reporting as '>5hrs'. (In other words, this microbe definitely grows slowly, but we can't tell you quite how slowly).","","full","madin","none","2.7.3"
