split,assembly_id,method,observed_log_hours,predicted_log_hours,observed_hours,predicted_hours,observed_normalized,predicted_normalized
train,GCA_000243155.1,train_mean,1.20297230399235,1.174491703292253,3.3299999999999916,3.2364974246818075,0.01920914615636421,-3.466565351495181e-17
train,GCA_001508125.1,train_mean,-0.127833371509885,1.174491703292253,0.8799999999999999,3.2364974246818075,-0.8783716666793184,-3.466565351495181e-17
train,GCA_001589265.1,train_mean,1.79175946922805,1.174491703292253,5.999999999999971,3.2364974246818075,0.4163250227174044,-3.466565351495181e-17
train,GCA_001672105.1,train_mean,2.65332530153786,1.174491703292253,14.201183433726342,3.2364974246818075,0.9974203503911795,-3.466565351495181e-17
train,GCA_001887115.1,train_mean,0.698134722070984,1.174491703292253,2.0099999999999993,3.2364974246818075,-0.32128574011617267,-3.466565351495181e-17
train,GCA_002877955.1,train_mean,2.60417007061482,1.174491703292253,13.520000000000028,3.2364974246818075,0.9642669058731607,-3.466565351495181e-17
train,GCA_003241045.1,train_mean,1.53039470509365,1.174491703292253,4.620000000000012,3.2364974246818075,0.2400438407560885,-3.466565351495181e-17
train,GCA_004931765.1,train_mean,-0.23572233352107,1.174491703292253,0.7899999999999999,3.2364974246818075,-0.9511389113647241,-3.466565351495181e-17
train,GCA_009158975.1,train_mean,0.412109650826833,1.174491703292253,1.51,3.2364974246818075,-0.5141994168945808,-3.466565351495181e-17
train,GCA_010954155.1,train_mean,-1.02629162708848,1.174491703292253,0.35833333333333456,3.2364974246818075,-1.4843496138629457,-3.466565351495181e-17
train,GCA_011321895.1,train_mean,1.22671229129543,1.174491703292253,3.4100000000000157,3.2364974246818075,0.03522091819225201,-3.466565351495181e-17
train,GCA_013329685.1,train_mean,-0.7339691750802,1.174491703292253,0.4800000000000002,3.2364974246818075,-1.287188579074985,-3.466565351495181e-17
train,GCA_015512915.1,train_mean,-0.49429632181478,1.174491703292253,0.6100000000000001,3.2364974246818075,-1.12553781487349,-3.466565351495181e-17
train,GCA_015817855.2,train_mean,-1.46967597005894,1.174491703292253,0.2300000000000004,3.2364974246818075,-1.7833964892167413,-3.466565351495181e-17
train,GCA_017113795.1,train_mean,3.35550242240003,1.174491703292253,28.66000000000012,3.2364974246818075,1.4710136950094543,-3.466565351495181e-17
train,GCA_017116265.1,train_mean,-0.356674943938732,1.174491703292253,0.7000000000000003,3.2364974246818075,-1.0327171194921512,-3.466565351495181e-17
train,GCA_017838265.1,train_mean,2.02419306744936,1.174491703292253,7.570000000000018,3.2364974246818075,0.5730931684070981,-3.466565351495181e-17
train,GCA_018203495.2,train_mean,3.23867845216438,1.174491703292253,25.499999999999986,3.2364974246818075,1.3922201069649536,-3.466565351495181e-17
train,GCA_018332215.1,train_mean,0.871293365943419,1.174491703292253,2.3899999999999992,3.2364974246818075,-0.20449643031864045,-3.466565351495181e-17
train,GCA_020722885.1,train_mean,2.18605127673809,1.174491703292253,8.899999999999965,3.2364974246818075,0.6822607393995189,-3.466565351495181e-17
train,GCA_021989615.1,train_mean,-1.10866262452161,1.174491703292253,0.33000000000000035,3.2364974246818075,-1.5399059044552685,-3.466565351495181e-17
train,GCA_022236725.1,train_mean,-0.447170823599118,1.174491703292253,0.6394346684132342,3.2364974246818075,-1.0937533524441898,-3.466565351495181e-17
train,GCA_022779705.1,train_mean,0.832909122935104,1.174491703292253,2.3,3.2364974246818075,-0.23038522886654525,-3.466565351495181e-17
train,GCA_022914675.1,train_mean,-0.843970070294529,1.174491703292253,0.43,3.2364974246818075,-1.3613802471424274,-3.466565351495181e-17
train,GCA_024135825.1,train_mean,3.3322045101752,1.174491703292253,27.999999999999886,3.2364974246818075,1.4553000867967107,-3.466565351495181e-17
train,GCA_025006645.1,train_mean,-0.82098055206983,1.174491703292253,0.4400000000000001,3.2364974246818075,-1.345874639648652,-3.466565351495181e-17
train,GCA_026613785.1,train_mean,-0.82098055206983,1.174491703292253,0.4400000000000001,3.2364974246818075,-1.345874639648652,-3.466565351495181e-17
train,GCA_026627405.1,train_mean,1.01884732019925,1.174491703292253,2.770000000000008,3.2364974246818075,-0.1049765675497312,-3.466565351495181e-17
train,GCA_027416755.1,train_mean,2.03992078351755,1.174491703292253,7.689999999999979,3.2364974246818075,0.5837009501684791,-3.466565351495181e-17
train,GCA_027446465.1,train_mean,4.29918835636488,1.174491703292253,73.6400000000002,3.2364974246818075,2.1074960930501048,-3.466565351495181e-17
train,GCA_027912435.1,train_mean,-0.287682072451781,1.174491703292253,0.7499999999999999,3.2364974246818075,-0.986183896190594,-3.466565351495181e-17
train,GCA_028379965.1,train_mean,3.70216389489186,1.174491703292253,40.534922839762935,3.2364974246818075,1.7048244549016551,-3.466565351495181e-17
train,GCA_029648825.1,train_mean,0.0,1.174491703292253,1.0,3.2364974246818075,-0.7921526313839767,-3.466565351495181e-17
train,GCA_030071505.1,train_mean,1.38629436111989,1.174491703292253,3.9999999999999973,3.2364974246818075,0.14285331455469058,-3.466565351495181e-17
train,GCA_030126645.1,train_mean,-1.46967597005894,1.174491703292253,0.2300000000000004,3.2364974246818075,-1.7833964892167413,-3.466565351495181e-17
train,GCA_030260955.1,train_mean,-0.162518929497775,1.174491703292253,0.85,3.2364974246818075,-0.9017658345172939,-3.466565351495181e-17
train,GCA_030336385.1,train_mean,2.95080297709979,1.174491703292253,19.121301532688165,3.2364974246818075,1.198058399015806,-3.466565351495181e-17
train,GCA_030849005.1,train_mean,2.86277214629776,1.174491703292253,17.509999999999987,3.2364974246818075,1.1386847533210152,-3.466565351495181e-17
train,GCA_031243125.1,train_mean,0.405465108108164,1.174491703292253,1.4999999999999993,3.2364974246818075,-0.5186809232212604,-3.466565351495181e-17
train,GCA_033630985.1,train_mean,-0.284254593568664,1.174491703292253,0.7525750195540499,3.2364974246818075,-0.9838721843167141,-3.466565351495181e-17
train,GCA_033927465.1,train_mean,0.104360015324243,1.174491703292253,1.1100000000000003,3.2364974246818075,-0.7217655349756844,-3.466565351495181e-17
train,GCA_036773965.1,train_mean,0.512823626428664,1.174491703292253,1.6700000000000004,3.2364974246818075,-0.44627144382631984,-3.466565351495181e-17
train,GCA_037683345.1,train_mean,-0.544727175441672,1.174491703292253,0.58,3.2364974246818075,-1.1595516212643744,-3.466565351495181e-17
train,GCA_039522005.1,train_mean,0.657520002916794,1.174491703292253,1.9299999999999997,3.2364974246818075,-0.3486789150196033,-3.466565351495181e-17
train,GCA_900118665.1,train_mean,0.693147180559945,1.174491703292253,1.9999999999999993,3.2364974246818075,-0.32464965841464305,-3.466565351495181e-17
train,GCA_901213185.1,train_mean,0.215111379616945,1.174491703292253,1.2399999999999993,3.2364974246818075,-0.647067702366135,-3.466565351495181e-17
train,GCA_902173125.1,train_mean,0.932164081030445,1.174491703292253,2.5399999999999996,3.2364974246818075,-0.1634413109037922,-3.466565351495181e-17
train,GCA_913057915.1,train_mean,3.07160781518509,1.174491703292253,21.576565931827112,3.2364974246818075,1.2795369399922452,-3.466565351495181e-17
train,GCA_920937485.1,train_mean,-0.22314355131421,1.174491703292253,0.7999999999999998,3.2364974246818075,-0.9426549728261725,-3.466565351495181e-17
train,GCA_945906835.1,train_mean,2.86789890204411,1.174491703292253,17.600000000000065,3.2364974246818075,1.1421425666402154,-3.466565351495181e-17
train,GCA_949085655.1,train_mean,1.43508452528932,1.174491703292253,4.1999999999999895,3.2364974246818075,0.17576053460923113,-3.466565351495181e-17
train,GCA_963678405.1,train_mean,0.0198026272961797,1.174491703292253,1.02,3.2364974246818075,-0.7787964677967729,-3.466565351495181e-17
train,GCF_000007185.1,train_mean,-0.186329578191493,1.174491703292253,0.8300000000000004,3.2364974246818075,-0.9178252651329522,-3.466565351495181e-17
train,GCF_000007305.1,train_mean,-0.478035800943,1.174491703292253,0.6199999999999999,3.2364974246818075,-1.1145706753354687,-3.466565351495181e-17
train,GCF_000007605.1,train_mean,0.693147180559945,1.174491703292253,1.9999999999999993,3.2364974246818075,-0.32464965841464305,-3.466565351495181e-17
train,GCF_000011085.1,train_mean,2.484906649788,1.174491703292253,11.999999999999995,3.2364974246818075,0.8838279956867413,-3.466565351495181e-17
train,GCF_000024285.1,train_mean,-0.967584026261706,1.174491703292253,0.37999999999999984,3.2364974246818075,-1.4447534376219315,-3.466565351495181e-17
train,GCF_000151105.1,train_mean,-0.82098055206983,1.174491703292253,0.4400000000000001,3.2364974246818075,-1.345874639648652,-3.466565351495181e-17
train,GCF_000153485.1,train_mean,3.14888245304767,1.174491703292253,23.310000000000098,3.2364974246818075,1.3316559183983914,-3.466565351495181e-17
train,GCF_000170735.1,train_mean,-0.186329578191493,1.174491703292253,0.8300000000000004,3.2364974246818075,-0.9178252651329522,-3.466565351495181e-17
train,GCF_000173615.1,train_mean,0.871293365943419,1.174491703292253,2.3899999999999992,3.2364974246818075,-0.20449643031864045,-3.466565351495181e-17
train,GCF_000178815.1,train_mean,4.87519732320115,1.174491703292253,130.99999999999983,3.2364974246818075,2.4959935319856763,-3.466565351495181e-17
train,GCF_000294675.1,train_mean,-0.616186139423817,1.174491703292253,0.54,3.2364974246818075,-1.207748135718886,-3.466565351495181e-17
train,GCF_000337635.1,train_mean,0.625938430866495,1.174491703292253,1.8699999999999997,3.2364974246818075,-0.3699795554011061,-3.466565351495181e-17
train,GCF_000364625.1,train_mean,-0.0618754037180875,1.174491703292253,0.94,3.2364974246818075,-0.8338853773334237,-3.466565351495181e-17
train,GCF_000373545.1,train_mean,3.1302631665116,1.174491703292253,22.880000000000063,3.2364974246818075,1.3190978758147818,-3.466565351495181e-17
train,GCF_000373985.1,train_mean,3.04452243772342,1.174491703292253,20.999999999999936,3.2364974246818075,1.2612688219900943,-3.466565351495181e-17
train,GCF_000379025.1,train_mean,-0.82098055206983,1.174491703292253,0.4400000000000001,3.2364974246818075,-1.345874639648652,-3.466565351495181e-17
train,GCF_000430905.1,train_mean,1.52388002407245,1.174491703292253,4.589999999999982,3.2364974246818075,0.23564992149799163,-3.466565351495181e-17
train,GCF_000464745.1,train_mean,3.39135940501922,1.174491703292253,29.706307738283268,3.2364974246818075,1.4951979468484924,-3.466565351495181e-17
train,GCF_000469585.1,train_mean,1.38629436111989,1.174491703292253,3.9999999999999973,3.2364974246818075,0.14285331455469058,-3.466565351495181e-17
train,GCF_000482805.1,train_mean,0.0198026272961797,1.174491703292253,1.02,3.2364974246818075,-0.7787964677967729,-3.466565351495181e-17
train,GCF_000483485.1,train_mean,0.837247524533702,1.174491703292253,2.3099999999999996,3.2364974246818075,-0.22745913221324715,-3.466565351495181e-17
train,GCF_000620045.1,train_mean,0.570979546585738,1.174491703292253,1.7700000000000005,3.2364974246818075,-0.407047356458272,-3.466565351495181e-17
train,GCF_000632865.1,train_mean,2.94443897916644,1.174491703292253,18.99999999999999,3.2364974246818075,1.193766110109129,-3.466565351495181e-17
train,GCF_000689615.1,train_mean,1.94591014905531,1.174491703292253,6.999999999999976,3.2364974246818075,0.5202941408580435,-3.466565351495181e-17
train,GCF_000706685.1,train_mean,-1.20397280432594,1.174491703292253,0.2999999999999988,3.2364974246818075,-1.604189210602126,-3.466565351495181e-17
train,GCF_000711905.1,train_mean,1.6094379124341,1.174491703292253,4.999999999999998,3.2364974246818075,0.29335565599688657,-3.466565351495181e-17
train,GCF_000746255.1,train_mean,0.770108221696074,1.174491703292253,2.1600000000000006,3.2364974246818075,-0.272742189780218,-3.466565351495181e-17
train,GCF_000754095.1,train_mean,1.79175946922805,1.174491703292253,5.999999999999971,3.2364974246818075,0.4163250227174044,-3.466565351495181e-17
train,GCF_000763575.1,train_mean,0.841567185678219,1.174491703292253,2.3200000000000007,3.2364974246818075,-0.22454567532570643,-3.466565351495181e-17
train,GCF_000764025.1,train_mean,1.05082162483176,1.174491703292253,2.8599999999999963,3.2364974246818075,-0.08341104309322259,-3.466565351495181e-17
train,GCF_000943545.1,train_mean,0.993251773010283,1.174491703292253,2.699999999999999,3.2364974246818075,-0.12223984833802277,-3.466565351495181e-17
train,GCF_000978535.1,train_mean,0.182321556793955,1.174491703292253,1.2000000000000004,3.2364974246818075,-0.6691832646634555,-3.466565351495181e-17
train,GCF_001007085.1,train_mean,0.693147180559945,1.174491703292253,1.9999999999999993,3.2364974246818075,-0.32464965841464305,-3.466565351495181e-17
train,GCF_001027025.1,train_mean,0.457424847038875,1.174491703292253,1.5799999999999992,3.2364974246818075,-0.4836359383953904,-3.466565351495181e-17
train,GCF_001050195.2,train_mean,3.87120101090789,1.174491703292253,47.99999999999994,3.2364974246818075,1.8188339416254087,-3.466565351495181e-17
train,GCF_001050235.1,train_mean,4.52178857704904,1.174491703292253,91.99999999999993,3.2364974246818075,2.2576319774223195,-3.466565351495181e-17
train,GCF_001280255.1,train_mean,-0.371063681390832,1.174491703292253,0.69,3.2364974246818075,-1.042421808084692,-3.466565351495181e-17
train,GCF_001280545.1,train_mean,1.53471436623816,1.174491703292253,4.639999999999982,3.2364974246818075,0.2429572976436245,-3.466565351495181e-17
train,GCF_001306035.1,train_mean,4.02535169073515,1.174491703292253,56.00000000000002,3.2364974246818075,1.9228030597660477,-3.466565351495181e-17
train,GCF_001306095.1,train_mean,3.91202300542815,1.174491703292253,50.00000000000019,3.2364974246818075,1.8463669163470868,-3.466565351495181e-17
train,GCF_001315945.1,train_mean,1.78674692740451,1.174491703292253,5.969999999999996,3.2364974246818075,0.41294424260264573,-3.466565351495181e-17
train,GCF_001390455.1,train_mean,2.94443897916644,1.174491703292253,18.99999999999999,3.2364974246818075,1.193766110109129,-3.466565351495181e-17
train,GCF_001483885.1,train_mean,-0.0788308481298831,1.174491703292253,0.924196240746594,3.2364974246818075,-0.8453212179353105,-3.466565351495181e-17
train,GCF_001551835.1,train_mean,1.87180217690159,1.174491703292253,6.499999999999991,3.2364974246818075,0.470310965171453,-3.466565351495181e-17
train,GCF_001560595.1,train_mean,1.98100146886658,1.174491703292253,7.249999999999975,3.2364974246818075,0.5439619805280164,-3.466565351495181e-17
train,GCF_001562415.1,train_mean,1.90210752639692,1.174491703292253,6.6999999999999975,3.2364974246818075,0.49075083910197415,-3.466565351495181e-17
train,GCF_001574635.1,train_mean,1.09861228866811,1.174491703292253,3.000000000000001,3.2364974246818075,-0.051177950251925966,-3.466565351495181e-17
train,GCF_001602215.1,train_mean,2.17475172148416,1.174491703292253,8.799999999999994,3.2364974246818075,0.6746395936708784,-3.466565351495181e-17
train,GCF_001636845.1,train_mean,-1.34707364796661,1.174491703292253,0.2599999999999998,3.2364974246818075,-1.7007056095902735,-3.466565351495181e-17
train,GCF_001652585.1,train_mean,-0.27443684570176,1.174491703292253,0.7600000000000002,3.2364974246818075,-0.9772504646525972,-3.466565351495181e-17
train,GCF_001671485.1,train_mean,0.8754687373539,1.174491703292253,2.4,3.2364974246818075,-0.20168029169412188,-3.466565351495181e-17
train,GCF_001730685.1,train_mean,-0.083381608939051,1.174491703292253,0.92,3.2364974246818075,-0.8483905432780747,-3.466565351495181e-17
train,GCF_001746755.1,train_mean,2.39789527279837,1.174491703292253,10.999999999999991,3.2364974246818075,0.8251419351130741,-3.466565351495181e-17
train,GCF_001756615.1,train_mean,2.55334381134123,1.174491703292253,12.850000000000017,3.2364974246818075,0.9299864125209143,-3.466565351495181e-17
train,GCF_001856345.1,train_mean,0.693147180559945,1.174491703292253,1.9999999999999993,3.2364974246818075,-0.32464965841464305,-3.466565351495181e-17
train,GCF_001857665.2,train_mean,1.72097928716701,1.174491703292253,5.590000000000012,3.2364974246818075,0.3685863223823386,-3.466565351495181e-17
train,GCF_001866005.1,train_mean,0.741937344729377,1.174491703292253,2.099999999999999,3.2364974246818075,-0.2917424383601012,-3.466565351495181e-17
train,GCF_001880325.1,train_mean,0.0676586484738149,1.174491703292253,1.07,3.2364974246818075,-0.7465192937672193,-3.466565351495181e-17
train,GCF_001888095.1,train_mean,1.15057202759882,1.174491703292253,3.159999999999998,3.2364974246818075,-0.01613296542605665,-3.466565351495181e-17
train,GCF_001936195.1,train_mean,0.655138326950319,1.174491703292253,1.9254088348887408,3.2364974246818075,-0.3502852702443006,-3.466565351495181e-17
train,GCF_001975185.1,train_mean,1.38629436111989,1.174491703292253,3.9999999999999973,3.2364974246818075,0.14285331455469058,-3.466565351495181e-17
train,GCF_001990485.1,train_mean,-0.63487827243597,1.174491703292253,0.5299999999999998,3.2364974246818075,-1.2203553106442178,-3.466565351495181e-17
train,GCF_002077815.1,train_mean,-1.27296567581289,1.174491703292253,0.2799999999999993,3.2364974246818075,-1.6507224339036828,-3.466565351495181e-17
train,GCF_002097535.1,train_mean,-0.653926467406664,1.174491703292253,0.52,3.2364974246818075,-1.2332026366209392,-3.466565351495181e-17
train,GCF_002217315.1,train_mean,1.35583515363518,1.174491703292253,3.879999999999992,3.2364974246818075,0.12230966891526329,-3.466565351495181e-17
train,GCF_002243665.1,train_mean,0.916290731874155,1.174491703292253,2.5,3.2364974246818075,-0.17414731697244715,-3.466565351495181e-17
train,GCF_002292445.1,train_mean,2.30258509299405,1.174491703292253,10.000000000000043,3.2364974246818075,0.7608586289662235,-3.466565351495181e-17
train,GCF_002318715.1,train_mean,0.236388778064233,1.174491703292253,1.26666666666667,3.2364974246818075,-0.6327168584037827,-3.466565351495181e-17
train,GCF_002356355.1,train_mean,2.73436750941958,1.174491703292253,15.399999999999947,3.2364974246818075,1.0520804199742313,-3.466565351495181e-17
train,GCF_002895605.1,train_mean,2.80759383143847,1.174491703292253,16.569999999999972,3.2364974246818075,1.1014689541897005,-3.466565351495181e-17
train,GCF_002916695.1,train_mean,1.79175946922805,1.174491703292253,5.999999999999971,3.2364974246818075,0.4163250227174044,-3.466565351495181e-17
train,GCF_002988635.1,train_mean,-0.843970070294529,1.174491703292253,0.43,3.2364974246818075,-1.3613802471424274,-3.466565351495181e-17
train,GCF_002995745.1,train_mean,2.72654478373837,1.174491703292253,15.27999999999993,3.2364974246818075,1.046804271393875,-3.466565351495181e-17
train,GCF_002995805.1,train_mean,3.96651119071222,1.174491703292253,52.80000000000022,3.2364974246818075,1.8831172477722662,-3.466565351495181e-17
train,GCF_003003275.1,train_mean,1.40609698841607,1.174491703292253,4.079999999999998,3.2364974246818075,0.15620947814189454,-3.466565351495181e-17
train,GCF_003026285.1,train_mean,0.53062825106217,1.174491703292253,1.6999999999999993,3.2364974246818075,-0.4342628615479602,-3.466565351495181e-17
train,GCF_003051085.1,train_mean,1.74571553072665,1.174491703292253,5.730000000000011,3.2364974246818075,0.38527003361792833,-3.466565351495181e-17
train,GCF_003096175.1,train_mean,0.8754687373539,1.174491703292253,2.4,3.2364974246818075,-0.20168029169412188,-3.466565351495181e-17
train,GCF_003148465.1,train_mean,1.52605630349505,1.174491703292253,4.600000000000003,3.2364974246818075,0.23711774410278913,-3.466565351495181e-17
train,GCF_003174785.1,train_mean,-0.510825623765991,1.174491703292253,0.5999999999999998,3.2364974246818075,-1.1366862376327898,-3.466565351495181e-17
train,GCF_003182525.1,train_mean,1.75375061561843,1.174491703292253,5.776226504666229,3.2364974246818075,0.3906894108877507,-3.466565351495181e-17
train,GCF_003259895.1,train_mean,1.3609765531356,1.174491703292253,3.899999999999997,3.2364974246818075,0.12577735892264041,-3.466565351495181e-17
train,GCF_003309025.1,train_mean,1.6752256529721,1.174491703292253,5.339999999999981,3.2364974246818075,0.3377271331507062,-3.466565351495181e-17
train,GCF_003347515.1,train_mean,3.12236492448736,1.174491703292253,22.70000000000007,3.2364974246818075,1.3137707941629737,-3.466565351495181e-17
train,GCF_003350065.1,train_mean,-0.510825623765991,1.174491703292253,0.5999999999999998,3.2364974246818075,-1.1366862376327898,-3.466565351495181e-17
train,GCF_003385755.1,train_mean,0.970778917158225,1.174491703292253,2.6400000000000006,3.2364974246818075,-0.1373969855472678,-3.466565351495181e-17
train,GCF_003386945.1,train_mean,-0.867500567704723,1.174491703292253,0.42000000000000004,3.2364974246818075,-1.3772507257409643,-3.466565351495181e-17
train,GCF_003450455.1,train_mean,-0.22314355131421,1.174491703292253,0.7999999999999998,3.2364974246818075,-0.9426549728261725,-3.466565351495181e-17
train,GCF_003514535.1,train_mean,0.837247524533702,1.174491703292253,2.3099999999999996,3.2364974246818075,-0.22745913221324715,-3.466565351495181e-17
train,GCF_003590195.1,train_mean,-0.287682072451781,1.174491703292253,0.7499999999999999,3.2364974246818075,-0.986183896190594,-3.466565351495181e-17
train,GCF_003609645.1,train_mean,-0.462035459596559,1.174491703292253,0.6299999999999998,3.2364974246818075,-1.103779017578248,-3.466565351495181e-17
train,GCF_003664005.1,train_mean,0.357674444271816,1.174491703292253,1.4300000000000002,3.2364974246818075,-0.5509140160625555,-3.466565351495181e-17
train,GCF_003688495.1,train_mean,5.18329925496377,1.174491703292253,178.26999999999995,3.2364974246818075,2.7037972612892576,-3.466565351495181e-17
train,GCF_003701385.1,train_mean,0.459532329378438,1.174491703292253,1.58333333333333,3.2364974246818075,-0.4822145169615902,-3.466565351495181e-17
train,GCF_003990895.1,train_mean,-1.27296567581289,1.174491703292253,0.2799999999999993,3.2364974246818075,-1.6507224339036828,-3.466565351495181e-17
train,GCF_003994475.1,train_mean,1.6094379124341,1.174491703292253,4.999999999999998,3.2364974246818075,0.29335565599688657,-3.466565351495181e-17
train,GCF_003999255.1,train_mean,0.0198026272961797,1.174491703292253,1.02,3.2364974246818075,-0.7787964677967729,-3.466565351495181e-17
train,GCF_004001485.1,train_mean,0.405465108108164,1.174491703292253,1.4999999999999993,3.2364974246818075,-0.5186809232212604,-3.466565351495181e-17
train,GCF_004216575.1,train_mean,0.662687973075237,1.174491703292253,1.9400000000000004,3.2364974246818075,-0.34519330405406906,-3.466565351495181e-17
train,GCF_004323575.1,train_mean,1.38629436111989,1.174491703292253,3.9999999999999973,3.2364974246818075,0.14285331455469058,-3.466565351495181e-17
train,GCF_004337705.1,train_mean,0.936093359170335,1.174491703292253,2.5500000000000007,3.2364974246818075,-0.1607911533852432,-3.466565351495181e-17
train,GCF_004343025.1,train_mean,4.71849887129509,1.174491703292253,111.99999999999946,3.2364974246818075,2.3903060327353782,-3.466565351495181e-17
train,GCF_004346605.1,train_mean,-0.0618754037180875,1.174491703292253,0.94,3.2364974246818075,-0.8338853773334237,-3.466565351495181e-17
train,GCF_004349435.1,train_mean,0.657520002916794,1.174491703292253,1.9299999999999997,3.2364974246818075,-0.3486789150196033,-3.466565351495181e-17
train,GCF_004795935.1,train_mean,2.63905732961526,1.174491703292253,14.000000000000021,3.2364974246818075,0.9877971138273808,-3.466565351495181e-17
train,GCF_005774035.1,train_mean,1.62924053973028,1.174491703292253,5.1,3.2364974246818075,0.30671181958409055,-3.466565351495181e-17
train,GCF_006400955.1,train_mean,1.38629436111989,1.174491703292253,3.9999999999999973,3.2364974246818075,0.14285331455469058,-3.466565351495181e-17
train,GCF_006569185.1,train_mean,1.6094379124341,1.174491703292253,4.999999999999998,3.2364974246818075,0.29335565599688657,-3.466565351495181e-17
train,GCF_006715795.1,train_mean,0.601071105680041,1.174491703292253,1.8240715277893291,3.2364974246818075,-0.38675167650397346,-3.466565351495181e-17
train,GCF_006788895.1,train_mean,2.24070968927596,1.174491703292253,9.400000000000018,3.2364974246818075,0.7191258830167749,-3.466565351495181e-17
train,GCF_006970065.1,train_mean,1.10856261952128,1.174491703292253,3.030000000000007,3.2364974246818075,-0.04446680810729856,-3.466565351495181e-17
train,GCF_007164525.1,train_mean,1.45861502269952,1.174491703292253,4.300000000000014,3.2364974246818075,0.1916310132077722,-3.466565351495181e-17
train,GCF_007567505.1,train_mean,0.693147180559945,1.174491703292253,1.9999999999999993,3.2364974246818075,-0.32464965841464305,-3.466565351495181e-17
train,GCF_007954275.1,train_mean,1.09861228866811,1.174491703292253,3.000000000000001,3.2364974246818075,-0.051177950251925966,-3.466565351495181e-17
train,GCF_007954305.1,train_mean,1.3609765531356,1.174491703292253,3.899999999999997,3.2364974246818075,0.12577735892264041,-3.466565351495181e-17
train,GCF_008000815.1,train_mean,1.80828877117927,1.174491703292253,6.100000000000026,3.2364974246818075,0.42747344547671007,-3.466565351495181e-17
train,GCF_008086275.1,train_mean,2.13060982825424,1.174491703292253,8.420000000000039,3.2364974246818075,0.6448674660531742,-3.466565351495181e-17
train,GCF_008121905.1,train_mean,1.6094379124341,1.174491703292253,4.999999999999998,3.2364974246818075,0.29335565599688657,-3.466565351495181e-17
train,GCF_008124985.1,train_mean,-0.693144034671978,1.174491703292253,0.5000015729464578,3.2364974246818075,-1.2596534825644343,-3.466565351495181e-17
train,GCF_008244535.1,train_mean,0.904218150639886,1.174491703292253,2.47,3.2364974246818075,-0.18228984106650056,-3.466565351495181e-17
train,GCF_009428885.1,train_mean,1.9213246735827,1.174491703292253,6.83000000000001,3.2364974246818075,0.5037121173027796,-3.466565351495181e-17
train,GCF_009685195.1,train_mean,5.02388052084628,1.174491703292253,152.00000000000054,3.2364974246818075,2.5962750290171335,-3.466565351495181e-17
train,GCF_009712125.1,train_mean,3.0244747418417,1.174491703292253,20.5831903826152,3.2364974246818075,1.2477473684103253,-3.466565351495181e-17
train,GCF_009811675.1,train_mean,5.23110861685459,1.174491703292253,187.0000000000007,3.2364974246818075,2.736042965299291,-3.466565351495181e-17
train,GCF_010588305.1,train_mean,0.444685821261446,1.174491703292253,1.5600000000000005,3.2364974246818075,-0.4922279554888884,-3.466565351495181e-17
train,GCF_010669085.1,train_mean,-0.867500567704723,1.174491703292253,0.42000000000000004,3.2364974246818075,-1.3772507257409643,-3.466565351495181e-17
train,GCF_011761635.1,train_mean,-0.400477566597125,1.174491703292253,0.6700000000000002,3.2364974246818075,-1.0622604212482227,-3.466565351495181e-17
train,GCF_012368155.1,train_mean,0.215111379616945,1.174491703292253,1.2399999999999993,3.2364974246818075,-0.647067702366135,-3.466565351495181e-17
train,GCF_012933645.1,train_mean,1.65822807660353,1.174491703292253,5.249999999999988,3.2364974246818075,0.32626287605142695,-3.466565351495181e-17
train,GCF_013178535.1,train_mean,-0.413396506480516,1.174491703292253,0.6613999814503286,3.2364974246818075,-1.0709737839689921,-3.466565351495181e-17
train,GCF_013318675.1,train_mean,0.741937344729377,1.174491703292253,2.099999999999999,3.2364974246818075,-0.2917424383601012,-3.466565351495181e-17
train,GCF_013389365.1,train_mean,3.04452243772342,1.174491703292253,20.999999999999936,3.2364974246818075,1.2612688219900943,-3.466565351495181e-17
train,GCF_014194315.1,train_mean,0.566522219710773,1.174491703292253,1.7621280883061894,3.2364974246818075,-0.410053663955417,-3.466565351495181e-17
train,GCF_014199715.1,train_mean,0.741937344729377,1.174491703292253,2.099999999999999,3.2364974246818075,-0.2917424383601012,-3.466565351495181e-17
train,GCF_014201655.1,train_mean,-0.23572233352107,1.174491703292253,0.7899999999999999,3.2364974246818075,-0.9511389113647241,-3.466565351495181e-17
train,GCF_014202345.1,train_mean,2.52572864430826,1.174491703292253,12.500000000000057,3.2364974246818075,0.9113609704084195,-3.466565351495181e-17
train,GCF_014207315.1,train_mean,0.693147180559945,1.174491703292253,1.9999999999999993,3.2364974246818075,-0.32464965841464305,-3.466565351495181e-17
train,GCF_014222225.1,train_mean,1.80842975246592,1.174491703292253,6.100860046472397,3.2364974246818075,0.4275685323103444,-3.466565351495181e-17
train,GCF_014231285.1,train_mean,1.08730681789303,1.174491703292253,2.966274587719511,3.2364974246818075,-0.05880308578792876,-3.466565351495181e-17
train,GCF_014284455.1,train_mean,1.23837423104327,1.174491703292253,3.4500000000000055,3.2364974246818075,0.04308647929617242,-3.466565351495181e-17
train,GCF_014284475.1,train_mean,1.52822785700856,1.174491703292253,4.610000000000013,3.2364974246818075,0.23858237925099493,-3.466565351495181e-17
train,GCF_014647395.1,train_mean,-0.693147180559945,1.174491703292253,0.5000000000000002,3.2364974246818075,-1.2596556043533103,-3.466565351495181e-17
train,GCF_014897375.1,train_mean,0.148420005118273,1.174491703292253,1.1599999999999997,3.2364974246818075,-0.6920486482950409,-3.466565351495181e-17
train,GCF_014905135.1,train_mean,2.78993736057439,1.174491703292253,16.27999999999993,3.2364974246818075,1.0895602963279811,-3.466565351495181e-17
train,GCF_015207005.1,train_mean,2.97705900828837,1.174491703292253,19.63000000000001,3.2364974246818075,1.215767152630184,-3.466565351495181e-17
train,GCF_015207835.1,train_mean,2.43859899336368,1.174491703292253,11.456978191073512,3.2364974246818075,0.8525951382838974,-3.466565351495181e-17
train,GCF_015234255.1,train_mean,0.943905898907128,1.174491703292253,2.569999999999999,3.2364974246818075,-0.1555218748599504,-3.466565351495181e-17
train,GCF_015277775.1,train_mean,2.30258509299405,1.174491703292253,10.000000000000043,3.2364974246818075,0.7608586289662235,-3.466565351495181e-17
train,GCF_015827775.1,train_mean,-0.328504066972036,1.174491703292253,0.7200000000000001,3.2364974246818075,-1.0137168709122688,-3.466565351495181e-17
train,GCF_015999265.1,train_mean,0.0,1.174491703292253,1.0,3.2364974246818075,-0.7921526313839767,-3.466565351495181e-17
train,GCF_016316925.1,train_mean,0.53062825106217,1.174491703292253,1.6999999999999993,3.2364974246818075,-0.4342628615479602,-3.466565351495181e-17
train,GCF_016908145.1,train_mean,0.364643113587909,1.174491703292253,1.4399999999999997,3.2364974246818075,-0.546213897942935,-3.466565351495181e-17
train,GCF_016908375.1,train_mean,0.587786664902119,1.174491703292253,1.7999999999999998,3.2364974246818075,-0.3957115565007392,-3.466565351495181e-17
train,GCF_017515625.1,train_mean,-1.07880966137193,1.174491703292253,0.33999999999999997,3.2364974246818075,-1.5197711489288233,-3.466565351495181e-17
train,GCF_017873335.1,train_mean,0.165514438477573,1.174491703292253,1.1799999999999995,3.2364974246818075,-0.680519064620989,-3.466565351495181e-17
train,GCF_017873415.1,train_mean,1.56234630490025,1.174491703292253,4.7700000000000005,3.2364974246818075,0.26159405161988364,-3.466565351495181e-17
train,GCF_017873625.1,train_mean,3.67630067190708,1.174491703292253,39.500000000000156,3.2364974246818075,1.6873806363663395,-3.466565351495181e-17
train,GCF_017874375.1,train_mean,2.89037175789616,1.174491703292253,17.99999999999992,3.2364974246818075,1.157299703849455,-3.466565351495181e-17
train,GCF_017875625.1,train_mean,0.412109650826833,1.174491703292253,1.51,3.2364974246818075,-0.5141994168945808,-3.466565351495181e-17
train,GCF_018342485.1,train_mean,3.87120101090789,1.174491703292253,47.99999999999994,3.2364974246818075,1.8188339416254087,-3.466565351495181e-17
train,GCF_018861315.1,train_mean,0.982078472412158,1.174491703292253,2.6699999999999995,3.2364974246818075,-0.12977583981862542,-3.466565351495181e-17
train,GCF_018861735.1,train_mean,0.985816794522765,1.174491703292253,2.6799999999999993,3.2364974246818075,-0.1272544753095554,-3.466565351495181e-17
train,GCF_018861765.1,train_mean,0.364643113587909,1.174491703292253,1.4399999999999997,3.2364974246818075,-0.546213897942935,-3.466565351495181e-17
train,GCF_018861865.1,train_mean,1.08180517035173,1.174491703292253,2.9500000000000046,3.2364974246818075,-0.0625137502094582,-3.466565351495181e-17
train,GCF_018916835.1,train_mean,2.67414864942653,1.174491703292253,14.50000000000002,3.2364974246818075,1.0114649534973534,-3.466565351495181e-17
train,GCF_020443745.1,train_mean,2.5687881337687,1.174491703292253,13.04999999999997,3.2364974246818075,0.9404030554112547,-3.466565351495181e-17
train,GCF_021406845.1,train_mean,2.33654973900951,1.174491703292253,10.345480306864888,3.2364974246818075,0.7837665674725178,-3.466565351495181e-17
train,GCF_021504015.1,train_mean,0.048790164169432,1.174491703292253,1.05,3.2364974246818075,-0.7592454113294349,-3.466565351495181e-17
train,GCF_021589105.1,train_mean,0.385262400790645,1.174491703292253,1.4700000000000002,3.2364974246818075,-0.5323069264682758,-3.466565351495181e-17
train,GCF_021963785.1,train_mean,2.70805020110221,1.174491703292253,15.0,3.2364974246818075,1.0343303371289372,-3.466565351495181e-17
train,GCF_022267535.1,train_mean,0.765467842139571,1.174491703292253,2.149999999999999,3.2364974246818075,-0.2758719597615642,-3.466565351495181e-17
train,GCF_022507325.1,train_mean,0.837247524533702,1.174491703292253,2.3099999999999996,3.2364974246818075,-0.22745913221324715,-3.466565351495181e-17
train,GCF_022674245.1,train_mean,0.0,1.174491703292253,1.0,3.2364974246818075,-0.7921526313839767,-3.466565351495181e-17
train,GCF_022846335.1,train_mean,0.336472236621213,1.174491703292253,1.4000000000000001,3.2364974246818075,-0.5652141465228177,-3.466565351495181e-17
train,GCF_023227745.1,train_mean,4.84221664247129,1.174491703292253,126.74999999999969,3.2364974246818075,2.473749242858933,-3.466565351495181e-17
train,GCF_023555375.1,train_mean,0.122217632724249,1.174491703292253,1.1299999999999997,3.2364974246818075,-0.7097212109723644,-3.466565351495181e-17
train,GCF_023704195.1,train_mean,2.07944154167984,1.174491703292253,8.000000000000034,3.2364974246818075,0.6103562875240278,-3.466565351495181e-17
train,GCF_024054535.1,train_mean,0.392042087776024,1.174491703292253,1.4800000000000004,3.2364974246818075,-0.5277342701690672,-3.466565351495181e-17
train,GCF_024239095.1,train_mean,1.65822807660353,1.174491703292253,5.249999999999988,3.2364974246818075,0.32626287605142695,-3.466565351495181e-17
train,GCF_024508015.1,train_mean,-1.83258146374831,1.174491703292253,0.16000000000000003,3.2364974246818075,-2.0281632602070356,-3.466565351495181e-17
train,GCF_025194745.1,train_mean,0.231111720963387,1.174491703292253,1.2600000000000005,3.2364974246818075,-0.6362760446089137,-3.466565351495181e-17
train,GCF_025289255.1,train_mean,0.587786664902119,1.174491703292253,1.7999999999999998,3.2364974246818075,-0.3957115565007392,-3.466565351495181e-17
train,GCF_025961535.1,train_mean,2.99773027621666,1.174491703292253,20.039999999999917,3.2364974246818075,1.2297091832443956,-3.466565351495181e-17
train,GCF_025990715.1,train_mean,2.26176309847379,1.174491703292253,9.599999999999996,3.2364974246818075,0.7333256542445457,-3.466565351495181e-17
train,GCF_026192565.1,train_mean,2.74727091425549,1.174491703292253,15.599999999999977,3.2364974246818075,1.0607833048613078,-3.466565351495181e-17
train,GCF_026192785.1,train_mean,1.87180217690159,1.174491703292253,6.499999999999991,3.2364974246818075,0.470310965171453,-3.466565351495181e-17
train,GCF_026616695.1,train_mean,-0.755022584278033,1.174491703292253,0.46999999999999986,3.2364974246818075,-1.3013883503027577,-3.466565351495181e-17
train,GCF_026627015.1,train_mean,0.300104592450338,1.174491703292253,1.3499999999999999,3.2364974246818075,-0.5897428213073564,-3.466565351495181e-17
train,GCF_026651045.1,train_mean,1.16002091679675,1.174491703292253,3.1899999999999893,3.2364974246818075,-0.009760027736659233,-3.466565351495181e-17
train,GCF_026736595.1,train_mean,-0.287682072451781,1.174491703292253,0.7499999999999999,3.2364974246818075,-0.986183896190594,-3.466565351495181e-17
train,GCF_027048465.1,train_mean,-0.0202027073175195,1.174491703292253,0.98,3.2364974246818075,-0.8057786346309925,-3.466565351495181e-17
train,GCF_027375625.1,train_mean,4.0886617790866,1.174491703292253,59.65999999999984,3.2364974246818075,1.9655034491686914,-3.466565351495181e-17
train,GCF_027912195.1,train_mean,2.37024374146786,1.174491703292253,10.699999999999994,3.2364974246818075,0.8064919665829777,-3.466565351495181e-17
train,GCF_027923385.1,train_mean,4.4188406077966,1.174491703292253,83.00000000000017,3.2364974246818075,2.188197255567444,-3.466565351495181e-17
train,GCF_027925485.1,train_mean,2.84083131233603,1.174491703292253,17.130000000000024,3.2364974246818075,1.1238864458414277,-3.466565351495181e-17
train,GCF_027947375.1,train_mean,-1.20397280432594,1.174491703292253,0.2999999999999988,3.2364974246818075,-1.604189210602126,-3.466565351495181e-17
train,GCF_028355655.1,train_mean,2.10169215061466,1.174491703292253,8.180000000000037,3.2364974246818075,0.6253635271394341,-3.466565351495181e-17
train,GCF_028857315.1,train_mean,-0.544727175441672,1.174491703292253,0.58,3.2364974246818075,-1.1595516212643744,-3.466565351495181e-17
train,GCF_029912275.1,train_mean,-1.34707364796661,1.174491703292253,0.2599999999999998,3.2364974246818075,-1.7007056095902735,-3.466565351495181e-17
train,GCF_030166575.1,train_mean,-0.287682072451781,1.174491703292253,0.7499999999999999,3.2364974246818075,-0.986183896190594,-3.466565351495181e-17
train,GCF_030546425.1,train_mean,0.693147180559945,1.174491703292253,1.9999999999999993,3.2364974246818075,-0.32464965841464305,-3.466565351495181e-17
train,GCF_030700495.1,train_mean,0.53062825106217,1.174491703292253,1.6999999999999993,3.2364974246818075,-0.4342628615479602,-3.466565351495181e-17
train,GCF_030803985.1,train_mean,1.28093384546206,1.174491703292253,3.5999999999999845,3.2364974246818075,0.07179141646859184,-3.466565351495181e-17
train,GCF_031451685.1,train_mean,1.33500106673234,1.174491703292253,3.8,3.2364974246818075,0.108257822728266,-3.466565351495181e-17
train,GCF_032970405.1,train_mean,-0.967584026261706,1.174491703292253,0.37999999999999984,3.2364974246818075,-1.4447534376219315,-3.466565351495181e-17
train,GCF_033842665.1,train_mean,1.52388002407245,1.174491703292253,4.589999999999982,3.2364974246818075,0.23564992149799163,-3.466565351495181e-17
train,GCF_034721355.1,train_mean,-1.10866262452161,1.174491703292253,0.33000000000000035,3.2364974246818075,-1.5399059044552685,-3.466565351495181e-17
train,GCF_035211335.1,train_mean,2.99573227355399,1.174491703292253,19.99999999999998,3.2364974246818075,1.2283616019355539,-3.466565351495181e-17
train,GCF_036225925.1,train_mean,-1.42711635564015,1.174491703292253,0.23999999999999896,3.2364974246818075,-1.754691552044322,-3.466565351495181e-17
train,GCF_037076595.1,train_mean,0.336472236621213,1.174491703292253,1.4000000000000001,3.2364974246818075,-0.5652141465228177,-3.466565351495181e-17
train,GCF_037190085.1,train_mean,2.484906649788,1.174491703292253,11.999999999999995,3.2364974246818075,0.8838279956867413,-3.466565351495181e-17
train,GCF_037477945.1,train_mean,0.741937344729377,1.174491703292253,2.099999999999999,3.2364974246818075,-0.2917424383601012,-3.466565351495181e-17
train,GCF_037804945.1,train_mean,1.40609698841607,1.174491703292253,4.079999999999998,3.2364974246818075,0.15620947814189454,-3.466565351495181e-17
train,GCF_037889345.1,train_mean,-0.755022584278033,1.174491703292253,0.46999999999999986,3.2364974246818075,-1.3013883503027577,-3.466565351495181e-17
train,GCF_039405155.1,train_mean,3.56671182013973,1.174491703292253,35.40000000000005,3.2364974246818075,1.61346687686126,-3.466565351495181e-17
train,GCF_039414295.1,train_mean,2.42568729012803,1.174491703292253,11.31000000000001,3.2364974246818075,0.8438866564231072,-3.466565351495181e-17
train,GCF_039521845.1,train_mean,0.871293365943419,1.174491703292253,2.3899999999999992,3.2364974246818075,-0.20449643031864045,-3.466565351495181e-17
train,GCF_039522505.1,train_mean,3.31418600467253,1.174491703292253,27.500000000000128,3.2364974246818075,1.4431472495246074,-3.466565351495181e-17
train,GCF_900095385.1,train_mean,3.5307625860168,1.174491703292253,34.150000000000034,3.2364974246818075,1.589220404683643,-3.466565351495181e-17
train,GCF_900101845.1,train_mean,2.29051251175978,1.174491703292253,9.880000000000035,3.2364974246818075,0.7527161048721694,-3.466565351495181e-17
train,GCF_900103735.1,train_mean,1.58923520511658,1.174491703292253,4.899999999999995,3.2364974246818075,0.2797296527498703,-3.466565351495181e-17
train,GCF_900103835.1,train_mean,1.56444054650336,1.174491703292253,4.779999999999978,3.2364974246818075,0.2630065426506905,-3.466565351495181e-17
train,GCF_900106715.1,train_mean,1.0681530811834,1.174491703292253,2.9099999999999966,3.2364974246818075,-0.07172159589135342,-3.466565351495181e-17
train,GCF_900106765.1,train_mean,1.41098697371026,1.174491703292253,4.099999999999992,3.2364974246818075,0.1595075982625931,-3.466565351495181e-17
train,GCF_900108185.1,train_mean,3.43398720448515,1.174491703292253,31.00000000000011,3.2364974246818075,1.5239488723955947,-3.466565351495181e-17
train,GCF_900111795.1,train_mean,0.900161349944271,1.174491703292253,2.459999999999999,3.2364974246818075,-0.18502600798621877,-3.466565351495181e-17
train,GCF_900114025.1,train_mean,0.693147180559945,1.174491703292253,1.9999999999999993,3.2364974246818075,-0.32464965841464305,-3.466565351495181e-17
train,GCF_900129575.1,train_mean,6.07076082242403,1.174491703292253,433.0099999999986,3.2364974246818075,3.30235833579083,-3.466565351495181e-17
train,GCF_900129725.1,train_mean,-0.462035459596559,1.174491703292253,0.6299999999999998,3.2364974246818075,-1.103779017578248,-3.466565351495181e-17
train,GCF_900129805.1,train_mean,-0.478035800943,1.174491703292253,0.6199999999999999,3.2364974246818075,-1.1145706753354687,-3.466565351495181e-17
train,GCF_900129965.1,train_mean,2.19722457733622,1.174491703292253,9.000000000000005,3.2364974246818075,0.6897967308801247,-3.466565351495181e-17
train,GCF_900129985.1,train_mean,0.182321556793955,1.174491703292253,1.2000000000000004,3.2364974246818075,-0.6691832646634555,-3.466565351495181e-17
train,GCF_900142145.1,train_mean,1.58923520511658,1.174491703292253,4.899999999999995,3.2364974246818075,0.2797296527498703,-3.466565351495181e-17
train,GCF_900142215.1,train_mean,2.35137525716348,1.174491703292253,10.500000000000023,3.2364974246818075,0.7937658490207639,-3.466565351495181e-17
train,GCF_900156105.1,train_mean,1.6094379124341,1.174491703292253,4.999999999999998,3.2364974246818075,0.29335565599688657,-3.466565351495181e-17
train,GCF_900167395.1,train_mean,1.70474809223843,1.174491703292253,5.500000000000026,3.2364974246818075,0.3576389621437439,-3.466565351495181e-17
train,GCF_900169305.1,train_mean,4.04305126783455,1.174491703292253,57.00000000000001,3.2364974246818075,1.93474079124118,-3.466565351495181e-17
train,GCF_900176005.1,train_mean,2.2628042229822,1.174491703292253,9.609999999999987,3.2364974246818075,0.7340278554747657,-3.466565351495181e-17
train,GCF_900182585.1,train_mean,0.27002713721306,1.174491703292253,1.3099999999999998,3.2364974246818075,-0.6100289887147177,-3.466565351495181e-17
train,GCF_900184185.1,train_mean,0.165514438477573,1.174491703292253,1.1799999999999995,3.2364974246818075,-0.680519064620989,-3.466565351495181e-17
train,GCF_900332065.1,train_mean,-0.7339691750802,1.174491703292253,0.4800000000000002,3.2364974246818075,-1.287188579074985,-3.466565351495181e-17
train,GCF_900454615.1,train_mean,2.10778601468898,1.174491703292253,8.230000000000015,3.2364974246818075,0.6294736204233946,-3.466565351495181e-17
train,GCF_900465415.1,train_mean,-0.150723511154449,1.174491703292253,0.8600854698257804,3.2364974246818075,-0.8938102468764882,-3.466565351495181e-17
train,GCF_904830885.1,train_mean,2.96236379950086,1.174491703292253,19.343642248184427,3.2364974246818075,1.2058557600872377,-3.466565351495181e-17
train,GCF_904845985.1,train_mean,0.963174317773006,1.174491703292253,2.6200000000000014,3.2364974246818075,-0.14252601574538337,-3.466565351495181e-17
train,GCF_904846205.1,train_mean,0.916290731874155,1.174491703292253,2.5,3.2364974246818075,-0.17414731697244715,-3.466565351495181e-17
train,GCF_907165215.1,train_mean,-0.59783700075562,1.174491703292253,0.5500000000000003,3.2364974246818075,-1.1953722982064563,-3.466565351495181e-17
train,GCF_937920065.1,train_mean,1.22082992139236,1.174491703292253,3.3900000000000032,3.2364974246818075,0.031253470159686894,-3.466565351495181e-17
train,GCF_943908195.1,train_mean,2.63905732961526,1.174491703292253,14.000000000000021,3.2364974246818075,0.9877971138273808,-3.466565351495181e-17
train,GCA_000243155.1,temperature_linear,1.20297230399235,1.2462409580440645,3.3299999999999916,3.4772472409387003,0.01920914615636421,0.048392305192252176
train,GCA_001508125.1,temperature_linear,-0.127833371509885,0.15414841723030492,0.8799999999999999,1.1666640269732074,-0.8783716666793184,-0.6881850392840295
train,GCA_001589265.1,temperature_linear,1.79175946922805,1.3543950502502582,5.999999999999971,3.874416420297491,0.4163250227174044,0.12133837070801923
train,GCA_001672105.1,temperature_linear,2.65332530153786,1.591806472166293,14.201183433726342,4.912615420400506,0.9974203503911795,0.2814638803767761
train,GCA_001887115.1,temperature_linear,0.698134722070984,1.72370170656409,2.0099999999999993,5.6052390585719065,-0.32128574011617267,0.37042249685941886
train,GCA_002877955.1,temperature_linear,2.60417007061482,0.5366445969839162,13.520000000000028,1.7102586168169458,0.9642669058731607,-0.4302050514843657
train,GCA_003241045.1,temperature_linear,1.53039470509365,1.459911237768496,4.620000000000012,4.305577338730957,0.2400438407560885,0.19250526389413342
train,GCA_004931765.1,temperature_linear,-0.23572233352107,1.1486384845896949,0.7899999999999999,3.1538959072558126,-0.9511389113647241,-0.017437071004903375
train,GCA_009158975.1,temperature_linear,0.412109650826833,1.27525790961158,1.51,3.579624510625351,-0.5141994168945808,0.0679632008184336
train,GCA_010954155.1,temperature_linear,-1.02629162708848,1.1433626752137829,0.35833333333333456,3.1373003695978086,-1.4843496138629457,-0.020995415664209136
train,GCA_011321895.1,temperature_linear,1.22671229129543,0.5366445969839162,3.4100000000000157,1.7102586168169458,0.03522091819225201,-0.4302050514843657
train,GCA_013329685.1,temperature_linear,-0.7339691750802,-0.006763768735007281,0.4800000000000002,0.993259054063709,-1.287188579074985,-0.7967145513928535
train,GCA_015512915.1,temperature_linear,-0.49429632181478,1.459911237768496,0.6100000000000001,4.305577338730957,-1.12553781487349,0.19250526389413342
train,GCA_015817855.2,temperature_linear,-1.46967597005894,1.3280160033706987,0.2300000000000004,3.773549246865779,-1.7833964892167413,0.1035466474114907
train,GCA_017113795.1,temperature_linear,3.35550242240003,1.9901300800476402,28.66000000000012,7.316485429184976,1.4710136950094543,0.5501189021543572
train,GCA_017116265.1,temperature_linear,-0.356674943938732,1.1961207689729016,0.7000000000000003,3.3072623711639912,-1.0327171194921512,0.014588030928847957
train,GCA_017838265.1,temperature_linear,2.02419306744936,-0.04633233905434664,7.570000000000018,0.9547246171841294,0.5730931684070981,-0.8234021363376464
train,GCA_018203495.2,temperature_linear,3.23867845216438,1.3807740971298177,25.499999999999986,3.977979778676188,1.3922201069649536,0.1391300940045478
train,GCA_018332215.1,temperature_linear,0.871293365943419,1.27525790961158,2.3899999999999992,3.579624510625351,-0.20449643031864045,0.0679632008184336
train,GCA_020722885.1,temperature_linear,2.18605127673809,0.6685398313817134,8.899999999999965,1.9513858869213025,0.6822607393995189,-0.34124643500172297
train,GCA_021989615.1,temperature_linear,-1.10866262452161,1.3016369564911394,0.33000000000000035,3.67530806547323,-1.5399059044552685,0.08575492411496215
train,GCA_022236725.1,temperature_linear,-0.447170823599118,1.27525790961158,0.6394346684132342,3.579624510625351,-1.0937533524441898,0.0679632008184336
train,GCA_022779705.1,temperature_linear,0.832909122935104,1.2224998158524611,2.3,3.395665671439839,-0.23038522886654525,0.032379754225376506
train,GCA_022914675.1,temperature_linear,-0.843970070294529,1.1961207689729016,0.43,3.3072623711639912,-1.3613802471424274,0.014588030928847957
train,GCA_024135825.1,temperature_linear,3.3322045101752,1.27525790961158,27.999999999999886,3.579624510625351,1.4553000867967107,0.0679632008184336
train,GCA_025006645.1,temperature_linear,-0.82098055206983,1.27525790961158,0.4400000000000001,3.579624510625351,-1.345874639648652,0.0679632008184336
train,GCA_026613785.1,temperature_linear,-0.82098055206983,1.27525790961158,0.4400000000000001,3.579624510625351,-1.345874639648652,0.0679632008184336
train,GCA_026627405.1,temperature_linear,1.01884732019925,0.6896430688853608,2.770000000000008,1.9930040411199204,-0.1049765675497312,-0.3270130563645002
train,GCA_027416755.1,temperature_linear,2.03992078351755,1.3280160033706987,7.689999999999979,3.773549246865779,0.5837009501684791,0.1035466474114907
train,GCA_027446465.1,temperature_linear,4.29918835636488,1.4704628565203195,73.6400000000002,4.351248678859786,2.1074960930501048,0.1996219532127448
train,GCA_027912435.1,temperature_linear,-0.287682072451781,1.4572733330805399,0.7499999999999999,4.294234603189796,-0.986183896190594,0.19072609156448053
train,GCA_028379965.1,temperature_linear,3.70216389489186,1.72370170656409,40.534922839762935,5.6052390585719065,1.7048244549016551,0.37042249685941886
train,GCA_029648825.1,temperature_linear,0.0,1.27525790961158,1.0,3.579624510625351,-0.7921526313839767,0.0679632008184336
train,GCA_030071505.1,temperature_linear,1.38629436111989,1.3807740971298177,3.9999999999999973,3.977979778676188,0.14285331455469058,0.1391300940045478
train,GCA_030126645.1,temperature_linear,-1.46967597005894,1.27525790961158,0.2300000000000004,3.579624510625351,-1.7833964892167413,0.0679632008184336
train,GCA_030260955.1,temperature_linear,-0.162518929497775,1.27525790961158,0.85,3.579624510625351,-0.9017658345172939,0.0679632008184336
train,GCA_030336385.1,temperature_linear,2.95080297709979,1.3939636205695973,19.121301532688165,4.030794974181962,1.198058399015806,0.14802595565281207
train,GCA_030849005.1,temperature_linear,2.86277214629776,1.72370170656409,17.509999999999987,5.6052390585719065,1.1386847533210152,0.37042249685941886
train,GCA_031243125.1,temperature_linear,0.405465108108164,1.27525790961158,1.4999999999999993,3.579624510625351,-0.5186809232212604,0.0679632008184336
train,GCA_033630985.1,temperature_linear,-0.284254593568664,1.27525790961158,0.7525750195540499,3.579624510625351,-0.9838721843167141,0.0679632008184336
train,GCA_033927465.1,temperature_linear,0.104360015324243,1.6181855190458523,1.1100000000000003,5.043929893644603,-0.7217655349756844,0.29925560367330467
train,GCA_036773965.1,temperature_linear,0.512823626428664,0.6632640220058013,1.6700000000000004,1.941117856864509,-0.44627144382631984,-0.3448047796610288
train,GCA_037683345.1,temperature_linear,-0.544727175441672,1.27525790961158,0.58,3.579624510625351,-1.1595516212643744,0.0679632008184336
train,GCA_039522005.1,temperature_linear,0.657520002916794,1.591806472166293,1.9299999999999997,4.912615420400506,-0.3486789150196033,0.2814638803767761
train,GCA_900118665.1,temperature_linear,0.693147180559945,1.27525790961158,1.9999999999999993,3.579624510625351,-0.32464965841464305,0.0679632008184336
train,GCA_901213185.1,temperature_linear,0.215111379616945,1.27525790961158,1.2399999999999993,3.579624510625351,-0.647067702366135,0.0679632008184336
train,GCA_902173125.1,temperature_linear,0.932164081030445,1.5126693315276147,2.5399999999999996,4.538830281126946,-0.1634413109037922,0.2280887104871905
train,GCA_913057915.1,temperature_linear,3.07160781518509,1.5126693315276147,21.576565931827112,4.538830281126946,1.2795369399922452,0.2280887104871905
train,GCA_920937485.1,temperature_linear,-0.22314355131421,1.27525790961158,0.7999999999999998,3.579624510625351,-0.9426549728261725,0.0679632008184336
train,GCA_945906835.1,temperature_linear,2.86789890204411,1.3543950502502582,17.600000000000065,3.874416420297491,1.1421425666402154,0.12133837070801923
train,GCA_949085655.1,temperature_linear,1.43508452528932,1.27525790961158,4.1999999999999895,3.579624510625351,0.17576053460923113,0.0679632008184336
train,GCA_963678405.1,temperature_linear,0.0198026272961797,1.1961207689729016,1.02,3.3072623711639912,-0.7787964677967729,0.014588030928847957
train,GCF_000007185.1,temperature_linear,-0.186329578191493,-0.33386395004154434,0.8300000000000004,0.7161512079417645,-0.9178252651329522,-1.0173319202698077
train,GCF_000007305.1,temperature_linear,-0.478035800943,-0.38662204380066334,0.6199999999999999,0.6793478101263732,-1.1145706753354687,-1.0529153668628648
train,GCF_000007605.1,temperature_linear,0.693147180559945,1.27525790961158,1.9999999999999993,3.579624510625351,-0.32464965841464305,0.0679632008184336
train,GCF_000011085.1,temperature_linear,2.484906649788,1.27525790961158,11.999999999999995,3.579624510625351,0.8838279956867413,0.0679632008184336
train,GCF_000024285.1,temperature_linear,-0.967584026261706,0.5340066922959604,0.37999999999999984,1.705753062817709,-1.4447534376219315,-0.43198422381401846
train,GCF_000151105.1,temperature_linear,-0.82098055206983,0.01170156408068368,0.4400000000000001,1.0117702952072545,-1.345874639648652,-0.7842603450852839
train,GCF_000153485.1,temperature_linear,3.14888245304767,1.953199414416257,23.310000000000098,7.0512112770684245,1.3316559183983914,0.5252104895392172
train,GCF_000170735.1,temperature_linear,-0.186329578191493,0.8004350657795105,0.8300000000000004,2.2265093958495816,-0.9178252651329522,-0.2522878185190802
train,GCF_000173615.1,temperature_linear,0.871293365943419,0.4021114578981634,2.3899999999999992,1.4949779504905967,-0.20449643031864045,-0.5209428402966612
train,GCF_000178815.1,temperature_linear,4.87519732320115,1.459911237768496,130.99999999999983,4.305577338730957,2.4959935319856763,0.19250526389413342
train,GCF_000294675.1,temperature_linear,-0.616186139423817,0.869020587666365,0.54,2.38457422804174,-1.207748135718886,-0.206029337948106
train,GCF_000337635.1,temperature_linear,0.625938430866495,0.9059512532977482,1.8699999999999997,2.474284475210187,-0.3699795554011061,-0.18112092533296603
train,GCF_000364625.1,temperature_linear,-0.0618754037180875,1.188207054909034,0.94,3.281192931523779,-0.8338853773334237,0.009250513939889442
train,GCF_000373545.1,temperature_linear,3.1302631665116,1.27525790961158,22.880000000000063,3.579624510625351,1.3190978758147818,0.0679632008184336
train,GCF_000373985.1,temperature_linear,3.04452243772342,1.459911237768496,20.999999999999936,4.305577338730957,1.2612688219900943,0.19250526389413342
train,GCF_000379025.1,temperature_linear,-0.82098055206983,1.1539142939656066,0.4400000000000001,3.1705792311751595,-1.345874639648652,-0.013878726345597742
train,GCF_000430905.1,temperature_linear,1.52388002407245,1.2673441955477123,4.589999999999982,3.5514081810326283,0.23564992149799163,0.06262568382947509
train,GCF_000464745.1,temperature_linear,3.39135940501922,1.459911237768496,29.706307738283268,4.305577338730957,1.4951979468484924,0.19250526389413342
train,GCF_000469585.1,temperature_linear,1.38629436111989,1.5126693315276147,3.9999999999999973,4.538830281126946,0.14285331455469058,0.2280887104871905
train,GCF_000482805.1,temperature_linear,0.0198026272961797,0.9296923954893516,1.02,2.533729671058553,-0.7787964677967729,-0.16510837436609038
train,GCF_000483485.1,temperature_linear,0.837247524533702,1.4862902846480552,2.3099999999999996,4.420665651546837,-0.22745913221324715,0.21029698719066195
train,GCF_000620045.1,temperature_linear,0.570979546585738,1.3807740971298177,1.7700000000000005,3.977979778676188,-0.407047356458272,0.1391300940045478
train,GCF_000632865.1,temperature_linear,2.94443897916644,1.27525790961158,18.99999999999999,3.579624510625351,1.193766110109129,0.0679632008184336
train,GCF_000689615.1,temperature_linear,1.94591014905531,1.27525790961158,6.999999999999976,3.579624510625351,0.5202941408580435,0.0679632008184336
train,GCF_000706685.1,temperature_linear,-1.20397280432594,1.2910853377393157,0.2999999999999988,3.63673149650994,-1.604189210602126,0.07863823479635075
train,GCF_000711905.1,temperature_linear,1.6094379124341,0.5366445969839162,4.999999999999998,1.7102586168169458,0.29335565599688657,-0.4302050514843657
train,GCF_000746255.1,temperature_linear,0.770108221696074,0.28604365162810186,2.1600000000000006,1.3311505608733107,-0.272742189780218,-0.5992264228013868
train,GCF_000754095.1,temperature_linear,1.79175946922805,1.3860499065057297,5.999999999999971,3.999022301049735,0.4163250227174044,0.14268843866385353
train,GCF_000763575.1,temperature_linear,0.841567185678219,0.5630236438634757,2.3200000000000007,1.7559739212240202,-0.22454567532570643,-0.41241332818783716
train,GCF_000764025.1,temperature_linear,1.05082162483176,1.459911237768496,2.8599999999999963,4.305577338730957,-0.08341104309322259,0.19250526389413342
train,GCF_000943545.1,temperature_linear,0.993251773010283,1.3280160033706987,2.699999999999999,3.773549246865779,-0.12223984833802277,0.1035466474114907
train,GCF_000978535.1,temperature_linear,0.182321556793955,0.14095889379052506,1.2000000000000004,1.151377318254749,-0.6691832646634555,-0.6970809009322939
train,GCF_001007085.1,temperature_linear,0.693147180559945,1.27525790961158,1.9999999999999993,3.579624510625351,-0.32464965841464305,0.0679632008184336
train,GCF_001027025.1,temperature_linear,0.457424847038875,0.40474936258611927,1.5799999999999992,1.4989267658440204,-0.4836359383953904,-0.5191636679670084
train,GCF_001050195.2,temperature_linear,3.87120101090789,0.9323303001773076,47.99999999999994,2.5404222317235567,1.8188339416254087,-0.1633292020364375
train,GCF_001050235.1,temperature_linear,4.52178857704904,1.27525790961158,91.99999999999993,3.579624510625351,2.2576319774223195,0.0679632008184336
train,GCF_001280255.1,temperature_linear,-0.371063681390832,0.412663076649987,0.69,1.510835904277134,-1.042421808084692,-0.5138261509780498
train,GCF_001280545.1,temperature_linear,1.53471436623816,1.2066723877247254,4.639999999999982,3.3423441018508293,0.2429572976436245,0.02170472024745935
train,GCF_001306035.1,temperature_linear,4.02535169073515,1.2356893392922408,56.00000000000002,3.4407495472480325,1.9228030597660477,0.04127561587364078
train,GCF_001306095.1,temperature_linear,3.91202300542815,1.27525790961158,50.00000000000019,3.579624510625351,1.8463669163470868,0.0679632008184336
train,GCF_001315945.1,temperature_linear,1.78674692740451,1.0615876298871487,5.969999999999996,2.890957117689889,0.41294424260264573,-0.07614975788344765
train,GCF_001390455.1,temperature_linear,2.94443897916644,1.2488788627320206,18.99999999999999,3.486431996665809,1.193766110109129,0.050171477521905046
train,GCF_001483885.1,temperature_linear,-0.0788308481298831,1.27525790961158,0.924196240746594,3.579624510625351,-0.8453212179353105,0.0679632008184336
train,GCF_001551835.1,temperature_linear,1.87180217690159,1.459911237768496,6.499999999999991,4.305577338730957,0.470310965171453,0.19250526389413342
train,GCF_001560595.1,temperature_linear,1.98100146886658,0.40474936258611927,7.249999999999975,1.4989267658440204,0.5439619805280164,-0.5191636679670084
train,GCF_001562415.1,temperature_linear,1.90210752639692,0.9323303001773076,6.6999999999999975,2.5404222317235567,0.49075083910197415,-0.1633292020364375
train,GCF_001574635.1,temperature_linear,1.09861228866811,1.27525790961158,3.000000000000001,3.579624510625351,-0.051177950251925966,0.0679632008184336
train,GCF_001602215.1,temperature_linear,2.17475172148416,1.3543950502502582,8.799999999999994,3.874416420297491,0.6746395936708784,0.12133837070801923
train,GCF_001636845.1,temperature_linear,-1.34707364796661,1.27525790961158,0.2599999999999998,3.579624510625351,-1.7007056095902735,0.0679632008184336
train,GCF_001652585.1,temperature_linear,-0.27443684570176,0.29659527037992583,0.7600000000000002,1.3452707183447472,-0.9772504646525972,-0.5921097334827753
train,GCF_001671485.1,temperature_linear,0.8754687373539,1.5126693315276147,2.4,4.538830281126946,-0.20168029169412188,0.2280887104871905
train,GCF_001730685.1,temperature_linear,-0.083381608939051,0.6685398313817134,0.92,1.9513858869213025,-0.8483905432780747,-0.34124643500172297
train,GCF_001746755.1,temperature_linear,2.39789527279837,1.5390483784071742,10.999999999999991,4.660153457583114,0.8251419351130741,0.24588043378371904
train,GCF_001756615.1,temperature_linear,2.55334381134123,1.8898897019053145,12.850000000000017,6.618638617552583,0.9299864125209143,0.48251035362754874
train,GCF_001856345.1,temperature_linear,0.693147180559945,1.27525790961158,1.9999999999999993,3.579624510625351,-0.32464965841464305,0.0679632008184336
train,GCF_001857665.2,temperature_linear,1.72097928716701,1.459911237768496,5.590000000000012,4.305577338730957,0.3685863223823386,0.19250526389413342
train,GCF_001866005.1,temperature_linear,0.741937344729377,1.3939636205695973,2.099999999999999,4.030794974181962,-0.2917424383601012,0.14802595565281207
train,GCF_001880325.1,temperature_linear,0.0676586484738149,0.5260929782320924,1.07,1.6923074931828497,-0.7465192937672193,-0.4373217408029772
train,GCF_001888095.1,temperature_linear,1.15057202759882,1.140724770525827,3.159999999999998,3.1290353761704655,-0.01613296542605665,-0.022774587993862012
train,GCF_001936195.1,temperature_linear,0.655138326950319,1.459911237768496,1.9254088348887408,4.305577338730957,-0.3502852702443006,0.19250526389413342
train,GCF_001975185.1,temperature_linear,1.38629436111989,1.27525790961158,3.9999999999999973,3.579624510625351,0.14285331455469058,0.0679632008184336
train,GCF_001990485.1,temperature_linear,-0.63487827243597,0.40474936258611927,0.5299999999999998,1.4989267658440204,-1.2203553106442178,-0.5191636679670084
train,GCF_002077815.1,temperature_linear,-1.27296567581289,0.5366445969839162,0.2799999999999993,1.7102586168169458,-1.6507224339036828,-0.4302050514843657
train,GCF_002097535.1,temperature_linear,-0.653926467406664,1.3543950502502582,0.52,3.874416420297491,-1.2332026366209392,0.12133837070801923
train,GCF_002217315.1,temperature_linear,1.35583515363518,1.594444376854249,3.879999999999992,4.925591539005585,0.12230966891526329,0.28324305270642897
train,GCF_002243665.1,temperature_linear,0.916290731874155,0.6025922141828147,2.5,1.826848249812265,-0.17414731697244715,-0.38572574324304437
train,GCF_002292445.1,temperature_linear,2.30258509299405,1.27525790961158,10.000000000000043,3.579624510625351,0.7608586289662235,0.0679632008184336
train,GCF_002318715.1,temperature_linear,0.236388778064233,1.591806472166293,1.26666666666667,4.912615420400506,-0.6327168584037827,0.2814638803767761
train,GCF_002356355.1,temperature_linear,2.73436750941958,1.459911237768496,15.399999999999947,4.305577338730957,1.0520804199742313,0.19250526389413342
train,GCF_002895605.1,temperature_linear,2.80759383143847,0.8004350657795105,16.569999999999972,2.2265093958495816,1.1014689541897005,-0.2522878185190802
train,GCF_002916695.1,temperature_linear,1.79175946922805,1.27525790961158,5.999999999999971,3.579624510625351,0.4163250227174044,0.0679632008184336
train,GCF_002988635.1,temperature_linear,-0.843970070294529,1.27525790961158,0.43,3.579624510625351,-1.3613802471424274,0.0679632008184336
train,GCF_002995745.1,temperature_linear,2.72654478373837,1.9294582722246538,15.27999999999993,6.8857790132711525,1.046804271393875,0.5091979385723416
train,GCF_002995805.1,temperature_linear,3.96651119071222,0.5366445969839162,52.80000000000022,1.7102586168169458,1.8831172477722662,-0.4302050514843657
train,GCF_003003275.1,temperature_linear,1.40609698841607,1.4862902846480552,4.079999999999998,4.420665651546837,0.15620947814189454,0.21029698719066195
train,GCF_003026285.1,temperature_linear,0.53062825106217,1.9874921753596841,1.6999999999999993,7.29721067163563,-0.4342628615479602,0.5483397298247044
train,GCF_003051085.1,temperature_linear,1.74571553072665,1.459911237768496,5.730000000000011,4.305577338730957,0.38527003361792833,0.19250526389413342
train,GCF_003096175.1,temperature_linear,0.8754687373539,1.459911237768496,2.4,4.305577338730957,-0.20168029169412188,0.19250526389413342
train,GCF_003148465.1,temperature_linear,1.52605630349505,0.7608664954601713,4.600000000000003,2.1401298300906437,0.23711774410278913,-0.2789754034638731
train,GCF_003174785.1,temperature_linear,-0.510825623765991,1.2989990518031833,0.5999999999999998,3.665625729252267,-1.1366862376327898,0.08397575178530926
train,GCF_003182525.1,temperature_linear,1.75375061561843,1.459911237768496,5.776226504666229,4.305577338730957,0.3906894108877507,0.19250526389413342
train,GCF_003259895.1,temperature_linear,1.3609765531356,1.27525790961158,3.899999999999997,3.579624510625351,0.12577735892264041,0.0679632008184336
train,GCF_003309025.1,temperature_linear,1.6752256529721,1.4862902846480552,5.339999999999981,4.420665651546837,0.3377271331507062,0.21029698719066195
train,GCF_003347515.1,temperature_linear,3.12236492448736,1.591806472166293,22.70000000000007,4.912615420400506,1.3137707941629737,0.2814638803767761
train,GCF_003350065.1,temperature_linear,-0.510825623765991,1.0589497251991926,0.5999999999999998,2.883341097939921,-1.1366862376327898,-0.07792893021310053
train,GCF_003385755.1,temperature_linear,0.970778917158225,0.6474365938780658,2.6400000000000006,1.9106368081099712,-0.1373969855472678,-0.35547981363894576
train,GCF_003386945.1,temperature_linear,-0.867500567704723,1.3280160033706987,0.42000000000000004,3.773549246865779,-1.3772507257409643,0.1035466474114907
train,GCF_003450455.1,temperature_linear,-0.22314355131421,0.40474936258611927,0.7999999999999998,1.4989267658440204,-0.9426549728261725,-0.5191636679670084
train,GCF_003514535.1,temperature_linear,0.837247524533702,0.8004350657795105,2.3099999999999996,2.2265093958495816,-0.22745913221324715,-0.2522878185190802
train,GCF_003590195.1,temperature_linear,-0.287682072451781,1.27525790961158,0.7499999999999999,3.579624510625351,-0.986183896190594,0.0679632008184336
train,GCF_003609645.1,temperature_linear,-0.462035459596559,0.5313687876080042,0.6299999999999998,1.7012593783782215,-1.103779017578248,-0.43376339614367154
train,GCF_003664005.1,temperature_linear,0.357674444271816,0.2675783188124101,1.4300000000000002,1.3067959725369878,-0.5509140160625555,-0.6116806291089569
train,GCF_003688495.1,temperature_linear,5.18329925496377,1.8397695128341516,178.26999999999995,6.295087157005067,2.7037972612892576,0.4487060793641444
train,GCF_003701385.1,temperature_linear,0.459532329378438,1.591806472166293,1.58333333333333,4.912615420400506,-0.4822145169615902,0.2814638803767761
train,GCF_003990895.1,temperature_linear,-1.27296567581289,0.45486955165728216,0.2799999999999993,1.5759677872384454,-1.6507224339036828,-0.48535939370360415
train,GCF_003994475.1,temperature_linear,1.6094379124341,1.3939636205695973,4.999999999999998,4.030794974181962,0.29335565599688657,0.14802595565281207
train,GCF_003999255.1,temperature_linear,0.0198026272961797,0.28868155631605763,1.02,1.3346666446862994,-0.7787964677967729,-0.5974472504717341
train,GCF_004001485.1,temperature_linear,0.405465108108164,1.459911237768496,1.4999999999999993,4.305577338730957,-0.5186809232212604,0.19250526389413342
train,GCF_004216575.1,temperature_linear,0.662687973075237,1.320102289306831,1.9400000000000004,3.7438043088232873,-0.34519330405406906,0.09820913042253218
train,GCF_004323575.1,temperature_linear,1.38629436111989,-0.12283157500506925,3.9999999999999973,0.8844126072063536,0.14285331455469058,-0.8749981338975794
train,GCF_004337705.1,temperature_linear,0.936093359170335,0.7951592564035984,2.5500000000000007,2.21479368879669,-0.1607911533852432,-0.25584616317838604
train,GCF_004343025.1,temperature_linear,4.71849887129509,1.721063801876134,111.99999999999946,5.5904724571885245,2.3903060327353782,0.368643324529766
train,GCF_004346605.1,temperature_linear,-0.0618754037180875,1.459911237768496,0.94,4.305577338730957,-0.8338853773334237,0.19250526389413342
train,GCF_004349435.1,temperature_linear,0.657520002916794,1.1934828642849458,1.9299999999999997,3.298549625000106,-0.3486789150196033,0.012808858599195077
train,GCF_004795935.1,temperature_linear,2.63905732961526,1.5126693315276147,14.000000000000021,4.538830281126946,0.9877971138273808,0.2280887104871905
train,GCF_005774035.1,temperature_linear,1.62924053973028,1.3280160033706987,5.1,3.773549246865779,0.30671181958409055,0.1035466474114907
train,GCF_006400955.1,temperature_linear,1.38629436111989,1.459911237768496,3.9999999999999973,4.305577338730957,0.14285331455469058,0.19250526389413342
train,GCF_006569185.1,temperature_linear,1.6094379124341,0.8004350657795105,4.999999999999998,2.2265093958495816,0.29335565599688657,-0.2522878185190802
train,GCF_006715795.1,temperature_linear,0.601071105680041,1.459911237768496,1.8240715277893291,4.305577338730957,-0.38675167650397346,0.19250526389413342
train,GCF_006788895.1,temperature_linear,2.24070968927596,1.7790977050111647,9.400000000000018,5.924508351989823,0.7191258830167749,0.40778511578212884
train,GCF_006970065.1,temperature_linear,1.10856261952128,1.27525790961158,3.030000000000007,3.579624510625351,-0.04446680810729856,0.0679632008184336
train,GCF_007164525.1,temperature_linear,1.45861502269952,0.6685398313817134,4.300000000000014,1.9513858869213025,0.1916310132077722,-0.34124643500172297
train,GCF_007567505.1,temperature_linear,0.693147180559945,1.8002009425148122,1.9999999999999993,6.050863217932367,-0.32464965841464305,0.42201849441935163
train,GCF_007954275.1,temperature_linear,1.09861228866811,1.9083550347210059,3.000000000000001,6.741989333551839,-0.051177950251925966,0.4949645599351187
train,GCF_007954305.1,temperature_linear,1.3609765531356,1.9716647472319486,3.899999999999997,7.182623794044619,0.12577735892264041,0.5376646958467872
train,GCF_008000815.1,temperature_linear,1.80828877117927,1.3807740971298177,6.100000000000026,3.977979778676188,0.42747344547671007,0.1391300940045478
train,GCF_008086275.1,temperature_linear,2.13060982825424,0.9323303001773076,8.420000000000039,2.5404222317235567,0.6448674660531742,-0.1633292020364375
train,GCF_008121905.1,temperature_linear,1.6094379124341,0.6949188782612727,4.999999999999998,2.003546536169956,0.29335565599688657,-0.3234547117051944
train,GCF_008124985.1,temperature_linear,-0.693144034671978,1.459911237768496,0.5000015729464578,4.305577338730957,-1.2596534825644343,0.19250526389413342
train,GCF_008244535.1,temperature_linear,0.904218150639886,0.1858032734857762,2.47,1.2041853418895303,-0.18228984106650056,-0.6668349713281952
train,GCF_009428885.1,temperature_linear,1.9213246735827,0.15678632191826058,6.83000000000001,1.169745638190608,0.5037121173027796,-0.6864058669543768
train,GCF_009685195.1,temperature_linear,5.02388052084628,1.459911237768496,152.00000000000054,4.305577338730957,2.5962750290171335,0.19250526389413342
train,GCF_009712125.1,temperature_linear,3.0244747418417,1.72370170656409,20.5831903826152,5.6052390585719065,1.2477473684103253,0.37042249685941886
train,GCF_009811675.1,temperature_linear,5.23110861685459,1.459911237768496,187.0000000000007,4.305577338730957,2.736042965299291,0.19250526389413342
train,GCF_010588305.1,temperature_linear,0.444685821261446,0.4179388860258989,1.5600000000000005,1.518827849959947,-0.4922279554888884,-0.5102678063187441
train,GCF_010669085.1,temperature_linear,-0.867500567704723,0.544558311047784,0.42000000000000004,1.7238468101084503,-1.3772507257409643,-0.4248675344954072
train,GCF_011761635.1,temperature_linear,-0.400477566597125,0.6685398313817134,0.6700000000000002,1.9513858869213025,-1.0622604212482227,-0.34124643500172297
train,GCF_012368155.1,temperature_linear,0.215111379616945,1.459911237768496,1.2399999999999993,4.305577338730957,-0.647067702366135,0.19250526389413342
train,GCF_012933645.1,temperature_linear,1.65822807660353,1.1961207689729016,5.249999999999988,3.3072623711639912,0.32626287605142695,0.014588030928847957
train,GCF_013178535.1,temperature_linear,-0.413396506480516,1.27525790961158,0.6613999814503286,3.579624510625351,-1.0709737839689921,0.0679632008184336
train,GCF_013318675.1,temperature_linear,0.741937344729377,1.459911237768496,2.099999999999999,4.305577338730957,-0.2917424383601012,0.19250526389413342
train,GCF_013389365.1,temperature_linear,3.04452243772342,1.446721714328716,20.999999999999936,4.2491616911063925,1.2612688219900943,0.18360940224586914
train,GCF_014194315.1,temperature_linear,0.566522219710773,1.5126693315276147,1.7621280883061894,4.538830281126946,-0.410053663955417,0.2280887104871905
train,GCF_014199715.1,temperature_linear,0.741937344729377,1.459911237768496,2.099999999999999,4.305577338730957,-0.2917424383601012,0.19250526389413342
train,GCF_014201655.1,temperature_linear,-0.23572233352107,0.3519912688270004,0.7899999999999999,1.4218961088434654,-0.9511389113647241,-0.5547471145600655
train,GCF_014202345.1,temperature_linear,2.52572864430826,1.27525790961158,12.500000000000057,3.579624510625351,0.9113609704084195,0.0679632008184336
train,GCF_014207315.1,temperature_linear,0.693147180559945,1.277895814299536,1.9999999999999993,3.5890796843437403,-0.32464965841464305,0.06974237314808648
train,GCF_014222225.1,temperature_linear,1.80842975246592,1.3280160033706987,6.100860046472397,3.773549246865779,0.4275685323103444,0.1035466474114907
train,GCF_014231285.1,temperature_linear,1.08730681789303,1.3543950502502582,2.966274587719511,3.874416420297491,-0.05880308578792876,0.12133837070801923
train,GCF_014284455.1,temperature_linear,1.23837423104327,1.726339611252046,3.4500000000000055,5.620044664264508,0.04308647929617242,0.3722016691890717
train,GCF_014284475.1,temperature_linear,1.52822785700856,1.4651870471444077,4.610000000000013,4.328352770613979,0.23858237925099493,0.19606360855343913
train,GCF_014647395.1,temperature_linear,-0.693147180559945,1.591806472166293,0.5000000000000002,4.912615420400506,-1.2596556043533103,0.2814638803767761
train,GCF_014897375.1,temperature_linear,0.148420005118273,1.27525790961158,1.1599999999999997,3.579624510625351,-0.6920486482950409,0.0679632008184336
train,GCF_014905135.1,temperature_linear,2.78993736057439,1.4572733330805399,16.27999999999993,4.294234603189796,1.0895602963279811,0.19072609156448053
train,GCF_015207005.1,temperature_linear,2.97705900828837,1.3939636205695973,19.63000000000001,4.030794974181962,1.215767152630184,0.14802595565281207
train,GCF_015207835.1,temperature_linear,2.43859899336368,1.3280160033706987,11.456978191073512,3.773549246865779,0.8525951382838974,0.1035466474114907
train,GCF_015234255.1,temperature_linear,0.943905898907128,1.459911237768496,2.569999999999999,4.305577338730957,-0.1555218748599504,0.19250526389413342
train,GCF_015277775.1,temperature_linear,2.30258509299405,1.6181855190458523,10.000000000000043,5.043929893644603,0.7608586289662235,0.29925560367330467
train,GCF_015827775.1,temperature_linear,-0.328504066972036,1.27525790961158,0.7200000000000001,3.579624510625351,-1.0137168709122688,0.0679632008184336
train,GCF_015999265.1,temperature_linear,0.0,1.27525790961158,1.0,3.579624510625351,-0.7921526313839767,0.0679632008184336
train,GCF_016316925.1,temperature_linear,0.53062825106217,1.27525790961158,1.6999999999999993,3.579624510625351,-0.4342628615479602,0.0679632008184336
train,GCF_016908145.1,temperature_linear,0.364643113587909,0.6685398313817134,1.4399999999999997,1.9513858869213025,-0.546213897942935,-0.34124643500172297
train,GCF_016908375.1,temperature_linear,0.587786664902119,1.27525790961158,1.7999999999999998,3.579624510625351,-0.3957115565007392,0.0679632008184336
train,GCF_017515625.1,temperature_linear,-1.07880966137193,0.4021114578981634,0.33999999999999997,1.4949779504905967,-1.5197711489288233,-0.5209428402966612
train,GCF_017873335.1,temperature_linear,0.165514438477573,0.2781299375642341,1.1799999999999995,1.3206577891170412,-0.680519064620989,-0.6045639397903454
train,GCF_017873415.1,temperature_linear,1.56234630490025,1.280533718987492,4.7700000000000005,3.598559832835259,0.26159405161988364,0.07152154547773935
train,GCF_017873625.1,temperature_linear,3.67630067190708,1.3280160033706987,39.500000000000156,3.773549246865779,1.6873806363663395,0.1035466474114907
train,GCF_017874375.1,temperature_linear,2.89037175789616,1.3280160033706987,17.99999999999992,3.773549246865779,1.157299703849455,0.1035466474114907
train,GCF_017875625.1,temperature_linear,0.412109650826833,1.1908449595969897,1.51,3.289859831942807,-0.5141994168945808,0.011029686269542196
train,GCF_018342485.1,temperature_linear,3.87120101090789,1.27525790961158,47.99999999999994,3.579624510625351,1.8188339416254087,0.0679632008184336
train,GCF_018861315.1,temperature_linear,0.982078472412158,1.9452857003523891,2.6699999999999995,6.995630223572136,-0.12977583981862542,0.5198729725502587
train,GCF_018861735.1,temperature_linear,0.985816794522765,1.9743026519199045,2.6799999999999993,7.201595883302846,-0.1272544753095554,0.5394438681764401
train,GCF_018861765.1,temperature_linear,0.364643113587909,1.670943612804971,1.4399999999999997,5.317182792471514,-0.546213897942935,0.33483905026636174
train,GCF_018861865.1,temperature_linear,1.08180517035173,2.1088357910056574,2.9500000000000046,8.238644195528293,-0.0625137502094582,0.6301816569887357
train,GCF_018916835.1,temperature_linear,2.67414864942653,1.8555969409618873,14.50000000000002,6.395514856153474,1.0114649534973534,0.4593811133420616
train,GCF_020443745.1,temperature_linear,2.5687881337687,1.8529590362739312,13.04999999999997,6.37866632970608,0.9404030554112547,0.4576019410124087
train,GCF_021406845.1,temperature_linear,2.33654973900951,1.27525790961158,10.345480306864888,3.579624510625351,0.7837665674725178,0.0679632008184336
train,GCF_021504015.1,temperature_linear,0.048790164169432,0.956071442368911,1.05,2.601456400840073,-0.7592454113294349,-0.14731665106956185
train,GCF_021589105.1,temperature_linear,0.385262400790645,1.27525790961158,1.4700000000000002,3.579624510625351,-0.5323069264682758,0.0679632008184336
train,GCF_021963785.1,temperature_linear,2.70805020110221,1.27525790961158,15.0,3.579624510625351,1.0343303371289372,0.0679632008184336
train,GCF_022267535.1,temperature_linear,0.765467842139571,1.8555969409618873,2.149999999999999,6.395514856153474,-0.2758719597615642,0.4593811133420616
train,GCF_022507325.1,temperature_linear,0.837247524533702,1.5126693315276147,2.3099999999999996,4.538830281126946,-0.22745913221324715,0.2280887104871905
train,GCF_022674245.1,temperature_linear,0.0,0.9323303001773076,1.0,2.5404222317235567,-0.7921526313839767,-0.1633292020364375
train,GCF_022846335.1,temperature_linear,0.336472236621213,0.5366445969839162,1.4000000000000001,1.7102586168169458,-0.5652141465228177,-0.4302050514843657
train,GCF_023227745.1,temperature_linear,4.84221664247129,1.27525790961158,126.74999999999969,3.579624510625351,2.473749242858933,0.0679632008184336
train,GCF_023555375.1,temperature_linear,0.122217632724249,1.3280160033706987,1.1299999999999997,3.773549246865779,-0.7097212109723644,0.1035466474114907
train,GCF_023704195.1,temperature_linear,2.07944154167984,1.4335321908889365,8.000000000000034,4.193485253359277,0.6103562875240278,0.17471354059760485
train,GCF_024054535.1,temperature_linear,0.392042087776024,0.014339468768640007,1.4800000000000004,1.0144427721321094,-0.5277342701690672,-0.7824811727556308
train,GCF_024239095.1,temperature_linear,1.65822807660353,0.2675783188124101,5.249999999999988,1.3067959725369878,0.32626287605142695,-0.6116806291089569
train,GCF_024508015.1,temperature_linear,-1.83258146374831,1.27525790961158,0.16000000000000003,3.579624510625351,-2.0281632602070356,0.0679632008184336
train,GCF_025194745.1,temperature_linear,0.231111720963387,1.1433626752137829,1.2600000000000005,3.1373003695978086,-0.6362760446089137,-0.020995415664209136
train,GCF_025289255.1,temperature_linear,0.587786664902119,1.27525790961158,1.7999999999999998,3.579624510625351,-0.3957115565007392,0.0679632008184336
train,GCF_025961535.1,temperature_linear,2.99773027621666,1.7078742784363543,20.039999999999917,5.517220927977223,1.2297091832443956,0.35974746288150167
train,GCF_025990715.1,temperature_linear,2.26176309847379,1.3016369564911394,9.599999999999996,3.67530806547323,0.7333256542445457,0.08575492411496215
train,GCF_026192565.1,temperature_linear,2.74727091425549,1.72370170656409,15.599999999999977,5.6052390585719065,1.0607833048613078,0.37042249685941886
train,GCF_026192785.1,temperature_linear,1.87180217690159,1.591806472166293,6.499999999999991,4.912615420400506,0.470310965171453,0.2814638803767761
train,GCF_026616695.1,temperature_linear,-0.755022584278033,1.459911237768496,0.46999999999999986,4.305577338730957,-1.3013883503027577,0.19250526389413342
train,GCF_026627015.1,temperature_linear,0.300104592450338,-0.2547268094028663,1.3499999999999999,0.7751282267817323,-0.5897428213073564,-0.9639567503802221
train,GCF_026651045.1,temperature_linear,1.16002091679675,2.0719051253742746,3.1899999999999893,7.939935290178617,-0.009760027736659233,0.6052732443735958
train,GCF_026736595.1,temperature_linear,-0.287682072451781,1.27525790961158,0.7499999999999999,3.579624510625351,-0.986183896190594,0.0679632008184336
train,GCF_027048465.1,temperature_linear,-0.0202027073175195,0.07501127659162665,0.98,1.0778963058125548,-0.8057786346309925,-0.7415602091736152
train,GCF_027375625.1,temperature_linear,4.0886617790866,1.1301731517740032,59.65999999999984,3.096192564948361,1.9655034491686914,-0.02989127731247341
train,GCF_027912195.1,temperature_linear,2.37024374146786,1.459911237768496,10.699999999999994,4.305577338730957,0.8064919665829777,0.19250526389413342
train,GCF_027923385.1,temperature_linear,4.4188406077966,1.459911237768496,83.00000000000017,4.305577338730957,2.188197255567444,0.19250526389413342
train,GCF_027925485.1,temperature_linear,2.84083131233603,0.5260929782320924,17.130000000000024,1.6923074931828497,1.1238864458414277,-0.4373217408029772
train,GCF_027947375.1,temperature_linear,-1.20397280432594,1.1987586736608578,0.2999999999999988,3.315998131062502,-1.604189210602126,0.016367203258500836
train,GCF_028355655.1,temperature_linear,2.10169215061466,1.5073935221517027,8.180000000000037,4.514947334108801,0.6253635271394341,0.22453036582788483
train,GCF_028857315.1,temperature_linear,-0.544727175441672,1.27525790961158,0.58,3.579624510625351,-1.1595516212643744,0.0679632008184336
train,GCF_029912275.1,temperature_linear,-1.34707364796661,1.1961207689729016,0.2599999999999998,3.3072623711639912,-1.7007056095902735,0.014588030928847957
train,GCF_030166575.1,temperature_linear,-0.287682072451781,0.7344874485806119,0.7499999999999999,2.084413349640265,-0.986183896190594,-0.2967671267604016
train,GCF_030546425.1,temperature_linear,0.693147180559945,1.459911237768496,1.9999999999999993,4.305577338730957,-0.32464965841464305,0.19250526389413342
train,GCF_030700495.1,temperature_linear,0.53062825106217,1.27525790961158,1.6999999999999993,3.579624510625351,-0.4342628615479602,0.0679632008184336
train,GCF_030803985.1,temperature_linear,1.28093384546206,0.40474936258611927,3.5999999999999845,1.4989267658440204,0.07179141646859184,-0.5191636679670084
train,GCF_031451685.1,temperature_linear,1.33500106673234,1.182931245533122,3.8,3.2639275675233352,0.108257822728266,0.005692169280583683
train,GCF_032970405.1,temperature_linear,-0.967584026261706,1.1934828642849458,0.37999999999999984,3.298549625000106,-1.4447534376219315,0.012808858599195077
train,GCF_033842665.1,temperature_linear,1.52388002407245,1.0695013439510166,4.589999999999982,2.9139260907600164,0.23564992149799163,-0.07081224089448901
train,GCF_034721355.1,temperature_linear,-1.10866262452161,1.3280160033706987,0.33000000000000035,3.773549246865779,-1.5399059044552685,0.1035466474114907
train,GCF_035211335.1,temperature_linear,2.99573227355399,1.5126693315276147,19.99999999999998,4.538830281126946,1.2283616019355539,0.2280887104871905
train,GCF_036225925.1,temperature_linear,-1.42711635564015,0.44695583759341406,0.23999999999999896,1.5635452478407397,-1.754691552044322,-0.4906969106925629
train,GCF_037076595.1,temperature_linear,0.336472236621213,1.459911237768496,1.4000000000000001,4.305577338730957,-0.5652141465228177,0.19250526389413342
train,GCF_037190085.1,temperature_linear,2.484906649788,1.459911237768496,11.999999999999995,4.305577338730957,0.8838279956867413,0.19250526389413342
train,GCF_037477945.1,temperature_linear,0.741937344729377,0.5366445969839162,2.099999999999999,1.7102586168169458,-0.2917424383601012,-0.4302050514843657
train,GCF_037804945.1,temperature_linear,1.40609698841607,1.3807740971298177,4.079999999999998,3.977979778676188,0.15620947814189454,0.1391300940045478
train,GCF_037889345.1,temperature_linear,-0.755022584278033,1.3280160033706987,0.46999999999999986,3.773549246865779,-1.3013883503027577,0.1035466474114907
train,GCF_039405155.1,temperature_linear,3.56671182013973,1.6181855190458523,35.40000000000005,5.043929893644603,1.61346687686126,0.29925560367330467
train,GCF_039414295.1,temperature_linear,2.42568729012803,1.3253780986827428,11.31000000000001,3.763608101279168,0.8438866564231072,0.1017674750818378
train,GCF_039521845.1,temperature_linear,0.871293365943419,1.27525790961158,2.3899999999999992,3.579624510625351,-0.20449643031864045,0.0679632008184336
train,GCF_039522505.1,temperature_linear,3.31418600467253,1.27525790961158,27.500000000000128,3.579624510625351,1.4431472495246074,0.0679632008184336
train,GCF_900095385.1,temperature_linear,3.5307625860168,1.5838927581024251,34.150000000000034,4.873891812532456,1.589220404683643,0.27612636338781754
train,GCF_900101845.1,temperature_linear,2.29051251175978,1.3834120018177736,9.880000000000035,3.988487162828904,0.7527161048721694,0.14090926633420067
train,GCF_900103735.1,temperature_linear,1.58923520511658,1.4678249518323638,4.899999999999995,4.339785625439715,0.2797296527498703,0.197842780883092
train,GCF_900103835.1,temperature_linear,1.56444054650336,1.27525790961158,4.779999999999978,3.579624510625351,0.2630065426506905,0.0679632008184336
train,GCF_900106715.1,temperature_linear,1.0681530811834,1.0114674408159858,2.9099999999999966,2.7496329796219494,-0.07172159589135342,-0.10995403214685187
train,GCF_900106765.1,temperature_linear,1.41098697371026,0.6685398313817134,4.099999999999992,1.9513858869213025,0.1595075982625931,-0.34124643500172297
train,GCF_900108185.1,temperature_linear,3.43398720448515,1.670943612804971,31.00000000000011,5.317182792471514,1.5239488723955947,0.33483905026636174
train,GCF_900111795.1,temperature_linear,0.900161349944271,0.6184196423105505,2.459999999999999,1.8559925907635704,-0.18502600798621877,-0.3750507092651272
train,GCF_900114025.1,temperature_linear,0.693147180559945,1.0114674408159858,1.9999999999999993,2.7496329796219494,-0.32464965841464305,-0.10995403214685187
train,GCF_900129575.1,temperature_linear,6.07076082242403,1.910992939408962,433.0099999999986,6.759797536665612,3.30235833579083,0.4967437322647716
train,GCF_900129725.1,temperature_linear,-0.462035459596559,1.591806472166293,0.6299999999999998,4.912615420400506,-1.103779017578248,0.2814638803767761
train,GCF_900129805.1,temperature_linear,-0.478035800943,0.4654211704091058,0.6199999999999999,1.5926848393734934,-1.1145706753354687,-0.47824270438499283
train,GCF_900129965.1,temperature_linear,2.19722457733622,1.459911237768496,9.000000000000005,4.305577338730957,0.6897967308801247,0.19250526389413342
train,GCF_900129985.1,temperature_linear,0.182321556793955,0.5366445969839162,1.2000000000000004,1.7102586168169458,-0.6691832646634555,-0.4302050514843657
train,GCF_900142145.1,temperature_linear,1.58923520511658,1.1433626752137829,4.899999999999995,3.1373003695978086,0.2797296527498703,-0.020995415664209136
train,GCF_900142215.1,temperature_linear,2.35137525716348,1.459911237768496,10.500000000000023,4.305577338730957,0.7937658490207639,0.19250526389413342
train,GCF_900156105.1,temperature_linear,1.6094379124341,1.27525790961158,4.999999999999998,3.579624510625351,0.29335565599688657,0.0679632008184336
train,GCF_900167395.1,temperature_linear,1.70474809223843,1.591806472166293,5.500000000000026,4.912615420400506,0.3576389621437439,0.2814638803767761
train,GCF_900169305.1,temperature_linear,4.04305126783455,1.2356893392922408,57.00000000000001,3.4407495472480325,1.93474079124118,0.04127561587364078
train,GCF_900176005.1,temperature_linear,2.2628042229822,0.40474936258611927,9.609999999999987,1.4989267658440204,0.7340278554747657,-0.5191636679670084
train,GCF_900182585.1,temperature_linear,0.27002713721306,0.26230250943649824,1.3099999999999998,1.299919720938553,-0.6100289887147177,-0.6152389737682626
train,GCF_900184185.1,temperature_linear,0.165514438477573,0.19635489223759983,1.1799999999999995,1.216958717908784,-0.680519064620989,-0.6597182820095839
train,GCF_900332065.1,temperature_linear,-0.7339691750802,1.591806472166293,0.4800000000000002,4.912615420400506,-1.287188579074985,0.2814638803767761
train,GCF_900454615.1,temperature_linear,2.10778601468898,1.364946669002082,8.230000000000015,3.91551422814323,0.6294736204233946,0.12845506002663062
train,GCF_900465415.1,temperature_linear,-0.150723511154449,1.459911237768496,0.8600854698257804,4.305577338730957,-0.8938102468764882,0.19250526389413342
train,GCF_904830885.1,temperature_linear,2.96236379950086,1.72370170656409,19.343642248184427,5.6052390585719065,1.2058557600872377,0.37042249685941886
train,GCF_904845985.1,temperature_linear,0.963174317773006,1.670943612804971,2.6200000000000014,5.317182792471514,-0.14252601574538337,0.33483905026636174
train,GCF_904846205.1,temperature_linear,0.916290731874155,1.591806472166293,2.5,4.912615420400506,-0.17414731697244715,0.2814638803767761
train,GCF_907165215.1,temperature_linear,-0.59783700075562,0.8004350657795105,0.5500000000000003,2.2265093958495816,-1.1953722982064563,-0.2522878185190802
train,GCF_937920065.1,temperature_linear,1.22082992139236,0.8030729704674664,3.3900000000000032,2.232390468867406,0.031253470159686894,-0.2505086461894274
train,GCF_943908195.1,temperature_linear,2.63905732961526,1.27525790961158,14.000000000000021,3.579624510625351,0.9877971138273808,0.0679632008184336
train,GCA_001508125.1,grodon,-0.127833371509885,2.0837530071403445,0.8799999999999999,8.0345661855966,-0.8783716666793184,0.6132642167159378
train,GCA_001589265.1,grodon,1.79175946922805,1.819346547638622,5.999999999999971,6.16782675181016,0.4163250227174044,0.4349315200590827
train,GCA_001672105.1,grodon,2.65332530153786,3.486955932160566,14.201183433726342,32.6862968062339,0.9974203503911795,1.5596743840288612
train,GCA_001887115.1,grodon,0.698134722070984,0.9758727544142134,2.0099999999999993,2.65348203886,-0.32128574011617267,-0.13396137457201607
train,GCA_002877955.1,grodon,2.60417007061482,1.7482973952766427,13.520000000000028,5.744813198478719,0.9642669058731607,0.3870114088796016
train,GCA_003241045.1,grodon,1.53039470509365,0.06590553591936787,4.620000000000012,1.06812581287724,0.2400438407560885,-0.7477017054600602
train,GCA_004931765.1,grodon,-0.23572233352107,0.8361452668262055,0.7899999999999999,2.30745518747295,-0.9511389113647241,-0.22820256559894844
train,GCA_009158975.1,grodon,0.412109650826833,-0.1806723757578217,1.51,0.8347087847358828,-0.5141994168945808,-0.9140096845021629
train,GCA_010954155.1,grodon,-1.02629162708848,-0.3960406086841659,0.35833333333333456,0.672979366575938,-1.4843496138629457,-1.0592678518871637
train,GCA_011321895.1,grodon,1.22671229129543,1.7385748795319347,3.4100000000000157,5.689229804761429,0.03522091819225201,0.3804539198745676
train,GCA_013329685.1,grodon,-0.7339691750802,-0.2719905400853413,0.4800000000000002,0.761861468200219,-1.287188579074985,-0.9756005190414162
train,GCA_015512915.1,grodon,-0.49429632181478,-0.3897834871996968,0.6100000000000001,0.6772034818486381,-1.12553781487349,-1.0550476473212929
train,GCA_015817855.2,grodon,-1.46967597005894,-1.3766539557551685,0.2300000000000004,0.252421755939708,-1.7833964892167413,-1.7206564688310593
train,GCA_017113795.1,grodon,3.35550242240003,2.324778072936748,28.66000000000012,10.2244107605344,1.4710136950094543,0.7758269998883683
train,GCA_017116265.1,grodon,-0.356674943938732,0.5171852941437,0.7000000000000003,1.67729989336587,-1.0327171194921512,-0.4433296550099296
train,GCA_017838265.1,grodon,2.02419306744936,2.093301305341778,7.570000000000018,8.111650043643692,0.5730931684070981,0.6197042022214142
train,GCA_018203495.2,grodon,3.23867845216438,2.3688088969888974,25.499999999999986,10.6846581732749,1.3922201069649536,0.8055242153196432
train,GCA_018332215.1,grodon,0.871293365943419,1.6190475490027254,2.3899999999999992,5.04827978691308,-0.20449643031864045,0.2998370120363903
train,GCA_021989615.1,grodon,-1.10866262452161,-0.33389451813435933,0.33000000000000035,0.7161293168997559,-1.5399059044552685,-1.0173525373547065
train,GCA_022236725.1,grodon,-0.447170823599118,-1.0606046994660732,0.6394346684132342,0.3462463720165331,-1.0937533524441898,-1.507492553484049
train,GCA_022779705.1,grodon,0.832909122935104,0.5297911105401135,2.3,1.69857745662993,-0.23038522886654525,-0.43482748287778855
train,GCA_022914675.1,grodon,-0.843970070294529,-0.2514095005129311,0.43,0.777703836223375,-1.3613802471424274,-0.9617193442249385
train,GCA_024135825.1,grodon,3.3322045101752,2.0012108513921087,27.999999999999886,7.398008566754661,1.4553000867967107,0.5575924859640001
train,GCA_025006645.1,grodon,-0.82098055206983,0.5446642226709157,0.4400000000000001,1.72402939519091,-1.345874639648652,-0.4247961008950482
train,GCA_026613785.1,grodon,-0.82098055206983,-1.7902770698724337,0.4400000000000001,0.166913916442113,-1.345874639648652,-1.9996304601592003
train,GCA_026627405.1,grodon,1.01884732019925,2.504165944288816,2.770000000000008,12.233351412946,-0.1049765675497312,0.8968177007435374
train,GCA_027912435.1,grodon,-0.287682072451781,0.5439066421125359,0.7499999999999999,1.72272379864876,-0.986183896190594,-0.4253070618759761
train,GCA_028379965.1,grodon,3.70216389489186,1.225034475394654,40.534922839762935,3.40428344478303,1.7048244549016551,0.03408929139825085
train,GCA_029648825.1,grodon,0.0,-0.113263035449926,1.0,0.8929157607250681,-0.7921526313839767,-0.8685444963232472
train,GCA_030126645.1,grodon,-1.46967597005894,-1.5062888976530893,0.2300000000000004,0.22173132059768902,-1.7833964892167413,-1.8080905988942104
train,GCA_030260955.1,grodon,-0.162518929497775,-0.02268551386839812,0.85,0.977569867602801,-0.9017658345172939,-0.8074531988164889
train,GCA_030336385.1,grodon,2.95080297709979,1.7242557685860729,19.121301532688165,5.608345569178699,1.198058399015806,0.370796191869297
train,GCA_030849005.1,grodon,2.86277214629776,1.8343288184383546,17.509999999999987,6.260930513773901,1.1386847533210152,0.4450365256583963
train,GCA_031243125.1,grodon,0.405465108108164,0.03436151623465866,1.4999999999999993,1.03495869347472,-0.5186809232212604,-0.7689770181145699
train,GCA_033630985.1,grodon,-0.284254593568664,-2.3270536224026106,0.7525750195540499,0.09758283983320178,-0.9838721843167141,-2.3616670393534873
train,GCA_033927465.1,grodon,0.104360015324243,-0.45073779764109334,1.1100000000000003,0.6371578845779021,-0.7217655349756844,-1.096159148811681
train,GCA_037683345.1,grodon,-0.544727175441672,-0.5330256854190927,0.58,0.5868267277609309,-1.1595516212643744,-1.1516593849152232
train,GCA_039522005.1,grodon,0.657520002916794,-0.16949767779735891,1.9299999999999997,0.844088714623129,-0.3486789150196033,-0.90647275055066
train,GCA_900118665.1,grodon,0.693147180559945,3.1325908135850273,1.9999999999999993,22.933318594402113,-0.32464965841464305,1.320667790484234
train,GCA_901213185.1,grodon,0.215111379616945,-1.446981816886336,1.2399999999999993,0.23527933365270606,-0.647067702366135,-1.7680900948826506
train,GCF_000007185.1,grodon,-0.186329578191493,2.3451263659813435,0.8300000000000004,10.4345912216004,-0.9178252651329522,0.789551195499342
train,GCF_000007305.1,grodon,-0.478035800943,1.4153872284781948,0.6199999999999999,4.11808079542795,-1.1145706753354687,0.16247541266554594
train,GCF_000007605.1,grodon,0.693147180559945,2.352616643556928,1.9999999999999993,10.513042650940998,-0.32464965841464305,0.7946031197272131
train,GCF_000011085.1,grodon,2.484906649788,1.199311103038294,11.999999999999995,3.31783049192401,0.8838279956867413,0.016739797108047183
train,GCF_000024285.1,grodon,-0.967584026261706,1.8794757908292556,0.37999999999999984,6.550070355120571,-1.4447534376219315,0.47548654320915706
train,GCF_000170735.1,grodon,-0.186329578191493,0.4262713041965208,0.8300000000000004,1.5315362309798302,-0.9178252651329522,-0.5046478883907183
train,GCF_000173615.1,grodon,0.871293365943419,1.5108033768083224,2.3899999999999992,4.53036892605158,-0.20449643031864045,0.22683019079157463
train,GCF_000294675.1,grodon,-0.616186139423817,1.7214545702971815,0.54,5.592657464171591,-1.207748135718886,0.36890688384834336
train,GCF_000337635.1,grodon,0.625938430866495,1.2170453529413074,1.8699999999999997,3.3771945597678,-0.3699795554011061,0.028700914148647963
train,GCF_000364625.1,grodon,-0.0618754037180875,-0.020845768681214683,0.94,0.979370002448831,-0.8338853773334237,-0.8062123565125219
train,GCF_000373545.1,grodon,3.1302631665116,2.466703480334148,22.880000000000063,11.783538090085502,1.3190978758147818,0.8715506091867115
train,GCF_000373985.1,grodon,3.04452243772342,1.9865574858624253,20.999999999999936,7.290393232052491,1.2612688219900943,0.5477093152013357
train,GCF_000379025.1,grodon,-0.82098055206983,0.8783272405135231,0.4400000000000001,2.40687022218093,-1.345874639648652,-0.19975233358818759
train,GCF_000430905.1,grodon,1.52388002407245,0.18721161338462922,4.589999999999982,1.20588243891635,0.23564992149799163,-0.6658850964558294
train,GCF_000464745.1,grodon,3.39135940501922,2.0071570466058257,29.706307738283268,7.4421296160716786,1.4951979468484924,0.5616029818849718
train,GCF_000469585.1,grodon,1.38629436111989,2.1123523018871015,3.9999999999999973,8.267666476165958,0.14285331455469058,0.6325534177599849
train,GCF_000482805.1,grodon,0.0198026272961797,0.3222739740335375,1.02,1.38026288034816,-0.7787964677967729,-0.5747903666343607
train,GCF_000483485.1,grodon,0.837247524533702,-0.6290350184685343,2.3099999999999996,0.5331059903103691,-0.22745913221324715,-1.2164142449106974
train,GCF_000620045.1,grodon,0.570979546585738,1.112519005759931,1.7700000000000005,3.04201159589135,-0.407047356458272,-0.04179836714604401
train,GCF_000632865.1,grodon,2.94443897916644,1.6040116076869346,18.99999999999999,4.97294195525565,1.193766110109129,0.2896958075942888
train,GCF_000689615.1,grodon,1.94591014905531,1.8179770910700916,6.999999999999976,6.15938596191808,0.5202941408580435,0.4340078706018014
train,GCF_000706685.1,grodon,-1.20397280432594,-0.21580174266257557,0.2999999999999988,0.8058950606452491,-1.604189210602126,-0.9377031855753922
train,GCF_000711905.1,grodon,1.6094379124341,2.1019774467469903,4.999999999999998,8.18233405529514,0.29335565599688657,0.6255559491729958
train,GCF_000746255.1,grodon,0.770108221696074,1.1453852672976221,2.1600000000000006,3.14365226997629,-0.272742189780218,-0.019631249670581014
train,GCF_000763575.1,grodon,0.841567185678219,2.2870308358978946,2.3200000000000007,9.845660856057341,-0.22454567532570643,0.7503678390752401
train,GCF_000764025.1,grodon,1.05082162483176,1.8972520863360025,2.8599999999999963,6.66754740117268,-0.08341104309322259,0.48747601850511385
train,GCF_000943545.1,grodon,0.993251773010283,-0.21900640044236153,2.699999999999999,0.803316576555726,-0.12223984833802277,-0.9398646125874576
train,GCF_000978535.1,grodon,0.182321556793955,2.1923428566955883,1.2000000000000004,8.956171580325078,-0.6691832646634555,0.6865041849725478
train,GCF_001007085.1,grodon,0.693147180559945,1.9119983131638145,1.9999999999999993,6.766597077164139,-0.32464965841464305,0.4974218208908542
train,GCF_001027025.1,grodon,0.457424847038875,2.113018149907435,1.5799999999999992,8.273173318678529,-0.4836359383953904,0.6330025084261263
train,GCF_001050195.2,grodon,3.87120101090789,2.165409880076025,47.99999999999994,8.71817459068134,1.8188339416254087,0.6683388558856029
train,GCF_001050235.1,grodon,4.52178857704904,1.9246118646167223,91.99999999999993,6.85248845643842,2.2576319774223195,0.5059292100418457
train,GCF_001280255.1,grodon,-0.371063681390832,0.9176330167590395,0.69,2.50335796538112,-1.042421808084692,-0.17324199384360114
train,GCF_001280545.1,grodon,1.53471436623816,-0.29055447641098886,4.639999999999982,0.74784878808449,0.2429572976436245,-0.9881212298884874
train,GCF_001306035.1,grodon,4.02535169073515,2.309258280481512,56.00000000000002,10.066955028135903,1.9228030597660477,0.7653594551645644
train,GCF_001306095.1,grodon,3.91202300542815,1.493238867990484,50.00000000000019,4.45148998395329,1.8463669163470868,0.21498355803970787
train,GCF_001315945.1,grodon,1.78674692740451,1.8987764214332459,5.969999999999996,6.67771872797453,0.41294424260264573,0.4885041279885674
train,GCF_001390455.1,grodon,2.94443897916644,2.25497022894204,18.99999999999999,9.535009438602557,1.193766110109129,0.7287441067894719
train,GCF_001483885.1,grodon,-0.0788308481298831,-1.54928148859806,0.924196240746594,0.212400531216525,-0.8453212179353105,-1.8370875632419432
train,GCF_001551835.1,grodon,1.87180217690159,-0.041940107447207886,6.499999999999991,0.958927211451262,0.470310965171453,-0.8204397332695874
train,GCF_001560595.1,grodon,1.98100146886658,2.0243933765831685,7.249999999999975,7.571516492021481,0.5439619805280164,0.5732282697509323
train,GCF_001562415.1,grodon,1.90210752639692,1.1663412212380517,6.6999999999999975,3.21022561987722,0.49075083910197415,-0.00549720852704643
train,GCF_001574635.1,grodon,1.09861228866811,0.8595247014045698,3.000000000000001,2.36203775363436,-0.051177950251925966,-0.21243397347555867
train,GCF_001602215.1,grodon,2.17475172148416,1.8030363067887547,8.799999999999994,6.06804396465465,0.6746395936708784,0.4239308461747873
train,GCF_001636845.1,grodon,-1.34707364796661,1.175442522788957,0.2599999999999998,3.2395762129882506,-1.7007056095902735,0.0006412937308742421
train,GCF_001652585.1,grodon,-0.27443684570176,1.972593587364703,0.7600000000000002,7.18929840262529,-0.9772504646525972,0.5382911652830836
train,GCF_001671485.1,grodon,0.8754687373539,0.7847324248874858,2.4,2.1918203856766394,-0.20168029169412188,-0.2628786879713097
train,GCF_001730685.1,grodon,-0.083381608939051,1.100891153435798,0.92,3.00684439006071,-0.8483905432780747,-0.04964093750229821
train,GCF_001746755.1,grodon,2.39789527279837,1.3837432355743757,10.999999999999991,3.9898085032392,0.8251419351130741,0.14113267165171806
train,GCF_001756615.1,grodon,2.55334381134123,1.2751674973367886,12.850000000000017,3.57930088326061,0.9299864125209143,0.06790222097397437
train,GCF_001856345.1,grodon,0.693147180559945,0.12102346919185303,1.9999999999999993,1.12865140059277,-0.32464965841464305,-0.7105266315486347
train,GCF_001857665.2,grodon,1.72097928716701,2.6454195668524525,5.590000000000012,14.089355269622098,0.3685863223823386,0.9920882152074958
train,GCF_001866005.1,grodon,0.741937344729377,0.0572793984129234,2.099999999999999,1.05895163847378,-0.2917424383601012,-0.7535197265710273
train,GCF_001880325.1,grodon,0.0676586484738149,0.8871017918255836,1.07,2.42808235582628,-0.7465192937672193,-0.19383421267547404
train,GCF_001888095.1,grodon,1.15057202759882,2.0933294399599167,3.159999999999998,8.11187826503059,-0.01613296542605665,0.619723178014712
train,GCF_001936195.1,grodon,0.655138326950319,-1.2266758501483142,1.9254088348887408,0.29326581871293195,-0.3502852702443006,-1.6195016027103144
train,GCF_001975185.1,grodon,1.38629436111989,1.8072249446175694,3.9999999999999973,6.09351410851716,0.14285331455469058,0.4267559325238089
train,GCF_001990485.1,grodon,-0.63487827243597,2.0923363920918434,0.5299999999999998,8.103826780030099,-1.2203553106442178,0.6190534027582504
train,GCF_002077815.1,grodon,-1.27296567581289,1.1398326424789225,0.2799999999999993,3.12624512076924,-1.6507224339036828,-0.02337629644178534
train,GCF_002097535.1,grodon,-0.653926467406664,-0.4652130591447201,0.52,0.628001289517193,-1.2332026366209392,-1.105922194781207
train,GCF_002217315.1,grodon,1.35583515363518,0.2817640666734935,3.879999999999992,1.3254659614997,0.12230966891526329,-0.602112849732732
train,GCF_002243665.1,grodon,0.916290731874155,1.0372565932675613,2.5,2.82146595835784,-0.17414731697244715,-0.09256017153599098
train,GCF_002292445.1,grodon,2.30258509299405,1.5254703245715995,10.000000000000043,4.59730528655188,0.7608586289662235,0.23672252228483523
train,GCF_002318715.1,grodon,0.236388778064233,-0.13478189400669427,1.26666666666667,0.8739064951477621,-0.6327168584037827,-0.8830581964901711
train,GCF_002356355.1,grodon,2.73436750941958,1.963858584335104,15.399999999999947,7.126773335180608,1.0520804199742313,0.5323997182718808
train,GCF_002895605.1,grodon,2.80759383143847,2.283667782540588,16.569999999999972,9.812604988738762,1.1014689541897005,0.7480995799134195
train,GCF_002916695.1,grodon,1.79175946922805,2.228857466792978,5.999999999999971,9.289246741295369,0.4163250227174044,0.7111319830161835
train,GCF_002988635.1,grodon,-0.843970070294529,-0.587880748499408,0.43,0.55550328934913,-1.3613802471424274,-1.1886571622873408
train,GCF_002995745.1,grodon,2.72654478373837,0.8190571806230795,15.27999999999993,2.26836017510638,1.046804271393875,-0.23972786834325752
train,GCF_002995805.1,grodon,3.96651119071222,2.380247042549237,52.80000000000022,10.807572464417898,1.8831172477722662,0.8132388352512931
train,GCF_003003275.1,grodon,1.40609698841607,-0.0626121067891856,4.079999999999998,0.939307754134304,0.15620947814189454,-0.8343822571961619
train,GCF_003026285.1,grodon,0.53062825106217,-0.73861376007274,1.6999999999999993,0.47777576851811815,-0.4342628615479602,-1.2903211854724708
train,GCF_003051085.1,grodon,1.74571553072665,-1.8016178199768103,5.730000000000011,0.16503168058328585,0.38527003361792833,-2.007279390340544
train,GCF_003096175.1,grodon,0.8754687373539,1.020794585504614,2.4,2.77539918000775,-0.20168029169412188,-0.10366320677304547
train,GCF_003148465.1,grodon,1.52605630349505,1.085518895339613,4.600000000000003,2.96097585675632,0.23711774410278913,-0.06000897557959772
train,GCF_003174785.1,grodon,-0.510825623765991,-1.0271700843050167,0.5999999999999998,0.3580186910508679,-1.1366862376327898,-1.4849421018249187
train,GCF_003182525.1,grodon,1.75375061561843,1.0422525549229609,5.776226504666229,2.8355971641865803,0.3906894108877507,-0.08919057415141629
train,GCF_003259895.1,grodon,1.3609765531356,1.500152342830886,3.899999999999997,4.48237187554711,0.12577735892264041,0.21964644946029432
train,GCF_003309025.1,grodon,1.6752256529721,2.4009531821925116,5.339999999999981,11.033688485252101,0.3377271331507062,0.8272043855895765
train,GCF_003347515.1,grodon,3.12236492448736,0.7877104523096325,22.70000000000007,2.19835741578585,1.3137707941629737,-0.2608701150267973
train,GCF_003350065.1,grodon,-0.510825623765991,1.1301507618745499,0.5999999999999998,3.0961232422842104,-1.1366862376327898,-0.029906378498559812
train,GCF_003385755.1,grodon,0.970778917158225,1.6696423357902257,2.6400000000000006,5.31026816461934,-0.1373969855472678,0.3339613854786918
train,GCF_003386945.1,grodon,-0.867500567704723,-0.5419252497317786,0.42000000000000004,0.5816273957680648,-1.3772507257409643,-1.1576618226239814
train,GCF_003450455.1,grodon,-0.22314355131421,0.8844983326205498,0.7999999999999998,2.42176916410088,-0.9426549728261725,-0.19559015275933103
train,GCF_003514535.1,grodon,0.837247524533702,2.0753238345206446,2.3099999999999996,7.96712607178077,-0.22745913221324715,0.6075790413738149
train,GCF_003590195.1,grodon,-0.287682072451781,0.1317734152573633,0.7499999999999999,1.1408497908228,-0.986183896190594,-0.7032761775529535
train,GCF_003609645.1,grodon,-0.462035459596559,1.0019075369521917,0.6299999999999998,2.72347200014165,-1.103779017578248,-0.11640184525634809
train,GCF_003664005.1,grodon,0.357674444271816,1.7913854181620683,1.4300000000000002,5.99775611329435,-0.5509140160625555,0.4160727386566836
train,GCF_003688495.1,grodon,5.18329925496377,0.8649084702494279,178.26999999999995,2.37478871221069,2.7037972612892576,-0.20880281401716264
train,GCF_003701385.1,grodon,0.459532329378438,-0.10747161756243684,1.58333333333333,0.8981020124133599,-0.4822145169615902,-0.8646383921709923
train,GCF_003990895.1,grodon,-1.27296567581289,1.7648341042034672,0.2799999999999993,5.84060334616637,-1.6507224339036828,0.39816482737893627
train,GCF_003994475.1,grodon,1.6094379124341,0.4427139578765533,4.999999999999998,1.55692692395837,0.29335565599688657,-0.49355790679011424
train,GCF_003999255.1,grodon,0.0198026272961797,1.615086249495358,1.02,5.02832159496657,-0.7787964677967729,0.29716525725117976
train,GCF_004001485.1,grodon,0.405465108108164,0.2163059709476669,1.4999999999999993,1.24148217837255,-0.5186809232212604,-0.6462619932552003
train,GCF_004216575.1,grodon,0.662687973075237,0.23604920957589481,1.9400000000000004,1.26623661960079,-0.34519330405406906,-0.6329458851996452
train,GCF_004323575.1,grodon,1.38629436111989,2.7020756978487555,3.9999999999999973,14.9106496290169,0.14285331455469058,1.0303007484480042
train,GCF_004337705.1,grodon,0.936093359170335,1.6861462451133937,2.5500000000000007,5.39863554674479,-0.1607911533852432,0.34509268181890695
train,GCF_004343025.1,grodon,4.71849887129509,0.9857259923761736,111.99999999999946,2.67975666129514,2.3903060327353782,-0.12731571810859438
train,GCF_004346605.1,grodon,-0.0618754037180875,0.20943468587342662,0.94,1.23298084141412,-0.8338853773334237,-0.6508964291880307
train,GCF_004349435.1,grodon,0.657520002916794,0.977919991741093,1.9299999999999997,2.65891991074405,-0.3486789150196033,-0.13258058624374666
train,GCF_004795935.1,grodon,2.63905732961526,1.9558646304223688,14.000000000000021,7.070029344194081,0.9877971138273808,0.5270080823757864
train,GCF_005774035.1,grodon,1.62924053973028,0.6400061798230253,5.1,1.89649259925737,0.30671181958409055,-0.36049136206408455
train,GCF_006400955.1,grodon,1.38629436111989,0.8796231729752912,3.9999999999999973,2.40999138540467,0.14285331455469058,-0.19887827351027648
train,GCF_006569185.1,grodon,1.6094379124341,3.173896893455255,4.999999999999998,23.900440589036197,0.29335565599688657,1.3485272634542325
train,GCF_006715795.1,grodon,0.601071105680041,0.5383274466424485,1.8240715277893291,1.71313914801693,-0.38675167650397346,-0.42907002960086227
train,GCF_006788895.1,grodon,2.24070968927596,0.67656535729059,9.400000000000018,1.96710979684146,0.7191258830167749,-0.3358335049238551
train,GCF_006970065.1,grodon,1.10856261952128,0.6138617243552225,3.030000000000007,1.84755237831894,-0.04446680810729856,-0.3781248618468989
train,GCF_007164525.1,grodon,1.45861502269952,1.5801724478404595,4.300000000000014,4.855793110075721,0.1916310132077722,0.27361714722620495
train,GCF_007567505.1,grodon,0.693147180559945,0.6547301366983449,1.9999999999999993,1.92462306215457,-0.32464965841464305,-0.3505605799644972
train,GCF_007954275.1,grodon,1.09861228866811,-0.029578207617104946,3.000000000000001,0.9708549464201189,-0.051177950251925966,-0.8121020741342597
train,GCF_007954305.1,grodon,1.3609765531356,0.002343514311857753,3.899999999999997,1.0023462624879,0.12577735892264041,-0.7905720148299216
train,GCF_008000815.1,grodon,1.80828877117927,0.7193410633605843,6.100000000000026,2.05307991524509,0.42747344547671007,-0.3069828216643056
train,GCF_008086275.1,grodon,2.13060982825424,2.3096311015219646,8.420000000000039,10.0707089005015,0.6448674660531742,0.7656109096170751
train,GCF_008121905.1,grodon,1.6094379124341,2.4105941828277806,4.999999999999998,11.140578719412702,0.29335565599688657,0.8337068955698471
train,GCF_008124985.1,grodon,-0.693144034671978,-0.07699272882217101,0.5000015729464578,0.925896585940747,-1.2596534825644343,-0.844081472228874
train,GCF_008244535.1,grodon,0.904218150639886,1.807088520296794,2.47,6.0926828616962,-0.18228984106650056,0.426663919200612
train,GCF_009428885.1,grodon,1.9213246735827,1.843601489232336,6.83000000000001,6.31925606017372,0.5037121173027796,0.451290610339301
train,GCF_009685195.1,grodon,5.02388052084628,0.4702967218341376,152.00000000000054,1.60046901687077,2.5962750290171335,-0.4749543193926079
train,GCF_009712125.1,grodon,3.0244747418417,1.6310070864587642,20.5831903826152,5.10901735075598,1.2477473684103253,0.3079032921466543
train,GCF_009811675.1,grodon,5.23110861685459,0.6999122483230877,187.0000000000007,2.01357600504659,2.736042965299291,-0.32008686225776717
train,GCF_010588305.1,grodon,0.444685821261446,1.3689292691283437,1.5600000000000005,3.9311392490552404,-0.4922279554888884,0.1311411813171642
train,GCF_010669085.1,grodon,-0.867500567704723,1.2138619496880774,0.42000000000000004,3.3664606818152496,-1.3772507257409643,0.0265538225542725
train,GCF_011761635.1,grodon,-0.400477566597125,1.69939549181145,0.6700000000000002,5.4706393456764095,-1.0622604212482227,0.3540288246680226
train,GCF_012368155.1,grodon,0.215111379616945,-0.1836826945013348,1.2399999999999993,0.832199823516997,-0.647067702366135,-0.9160400367875762
train,GCF_012933645.1,grodon,1.65822807660353,1.7731907770235433,5.249999999999988,5.88961586295765,0.32626287605142695,0.40380110420020476
train,GCF_013178535.1,grodon,-0.413396506480516,-0.561281357805079,0.6613999814503286,0.570477609384044,-1.0709737839689921,-1.1707168249714968
train,GCF_013318675.1,grodon,0.741937344729377,-0.5130274070824263,2.099999999999999,0.5986803832982662,-0.2917424383601012,-1.1381712617014679
train,GCF_013389365.1,grodon,3.04452243772342,1.95679541911109,20.999999999999936,7.07661311110914,1.2612688219900943,0.5276358660433645
train,GCF_014194315.1,grodon,0.566522219710773,0.04697797333143017,1.7621280883061894,1.0480989226978,-0.410053663955417,-0.7604676692107541
train,GCF_014199715.1,grodon,0.741937344729377,0.752361114785205,2.099999999999999,2.12200440229179,-0.2917424383601012,-0.2847119784126026
train,GCF_014201655.1,grodon,-0.23572233352107,1.6465665712139448,0.7899999999999999,5.189132688724741,-0.9511389113647241,0.3183976079066083
train,GCF_014202345.1,grodon,2.52572864430826,1.3016178956744417,12.500000000000057,3.6752380117675294,0.9113609704084195,0.08574206827608219
train,GCF_014207315.1,grodon,0.693147180559945,-0.14662444590747592,1.9999999999999993,0.863618251890081,-0.32464965841464305,-0.891045574029075
train,GCF_014222225.1,grodon,1.80842975246592,1.8911151378201634,6.100860046472397,6.626754306634769,0.4275685323103444,0.48333686630687966
train,GCF_014231285.1,grodon,1.08730681789303,0.9933190831710704,2.966274587719511,2.70018174355065,-0.05880308578792876,-0.12219445004288185
train,GCF_014284455.1,grodon,1.23837423104327,0.8729086264368483,3.4500000000000055,2.3938635920931,0.04308647929617242,-0.20340699490870617
train,GCF_014284475.1,grodon,1.52822785700856,-0.07702036209711727,4.610000000000013,0.9258710007393189,0.23858237925099493,-0.8441001098841261
train,GCF_014647395.1,grodon,-0.693147180559945,-1.2771839542758565,0.5000000000000002,0.278821369673529,-1.2596556043533103,-1.6535675117999187
train,GCF_014897375.1,grodon,0.148420005118273,-0.15337053682387447,1.1599999999999997,0.8578118120520751,-0.6920486482950409,-0.8955955709818001
train,GCF_014905135.1,grodon,2.78993736057439,-0.8638101980046655,16.27999999999993,0.421552818749358,1.0895602963279811,-1.3747617034171067
train,GCF_015207005.1,grodon,2.97705900828837,2.13560227852579,19.63000000000001,8.46214153852431,1.215767152630184,0.6482346951349772
train,GCF_015207835.1,grodon,2.43859899336368,1.511241942765958,11.456978191073512,4.53235622738758,0.8525951382838974,0.2271259878384185
train,GCF_015234255.1,grodon,0.943905898907128,1.8843009046918051,2.569999999999999,6.58175156164005,-0.1555218748599504,0.4787409098702681
train,GCF_015277775.1,grodon,2.30258509299405,2.0528099767745593,10.000000000000043,7.789759424302802,0.7608586289662235,0.5923942498540674
train,GCF_015827775.1,grodon,-0.328504066972036,-0.2063774228748858,0.7200000000000001,0.813525975020759,-1.0137168709122688,-0.9313468190741255
train,GCF_015999265.1,grodon,0.0,0.7890967974168019,1.0,2.20140721137917,-0.7921526313839767,-0.25993507485446393
train,GCF_016316925.1,grodon,0.53062825106217,0.09623932642583544,1.6999999999999993,1.10102253625315,-0.4342628615479602,-0.727242649085126
train,GCF_016908145.1,grodon,0.364643113587909,0.9199442254667675,1.4399999999999997,2.50915043933893,-0.546213897942935,-0.1716831662636598
train,GCF_016908375.1,grodon,0.587786664902119,0.9086226712894983,1.7999999999999998,2.48090315997458,-0.3957115565007392,-0.17931914947898644
train,GCF_017515625.1,grodon,-1.07880966137193,1.3467103768957038,0.33999999999999997,3.84475690347708,-1.5197711489288233,0.11615533348257717
train,GCF_017873335.1,grodon,0.165514438477573,0.34045718217450405,1.1799999999999995,1.4055900544084303,-0.680519064620989,-0.5625264433256705
train,GCF_017873415.1,grodon,1.56234630490025,1.3189859599366551,4.7700000000000005,3.73962732199747,0.26159405161988364,0.0974562062038278
train,GCF_017873625.1,grodon,3.67630067190708,1.6804573381662686,39.500000000000156,5.36801040586138,1.6873806363663395,0.3412557176281583
train,GCF_017874375.1,grodon,2.89037175789616,1.8684541785060642,17.99999999999992,6.4782743993608,1.157299703849455,0.4680528600426974
train,GCF_017875625.1,grodon,0.412109650826833,-0.4315789501110088,1.51,0.6494827837761062,-0.5141994168945808,-1.0832371916427215
train,GCF_018342485.1,grodon,3.87120101090789,1.6349096154416152,47.99999999999994,5.12899439418293,1.8188339416254087,0.3105354083158465
train,GCF_018861315.1,grodon,0.982078472412158,0.8470081706389557,2.6699999999999995,2.33265748848481,-0.12977583981862542,-0.22087592564430253
train,GCF_018861735.1,grodon,0.985816794522765,0.737467396381257,2.6799999999999993,2.09063405670496,-0.1272544753095554,-0.2947572585893018
train,GCF_018861765.1,grodon,0.364643113587909,0.444307538627418,1.4399999999999997,1.55940999069309,-0.546213897942935,-0.49248309359085385
train,GCF_018861865.1,grodon,1.08180517035173,0.9960742947060419,2.9500000000000046,2.70763157365316,-0.0625137502094582,-0.12033615844207343
train,GCF_018916835.1,grodon,2.67414864942653,0.9786376990655817,14.50000000000002,2.66082892201296,1.0114649534973534,-0.13209651833244204
train,GCF_020443745.1,grodon,2.5687881337687,0.7974573416397966,13.04999999999997,2.21988932633625,0.9404030554112547,-0.2542961869104429
train,GCF_021406845.1,grodon,2.33654973900951,1.6773843856405892,10.345480306864888,5.351540083946299,0.7837665674725178,0.33918312109766646
train,GCF_021504015.1,grodon,0.048790164169432,1.7654154301112983,1.05,5.84399962728632,-0.7592454113294349,0.3985569109043365
train,GCF_021589105.1,grodon,0.385262400790645,-0.05871234821966009,1.4700000000000002,0.942977979442777,-0.5323069264682758,-0.8317520095716343
train,GCF_021963785.1,grodon,2.70805020110221,1.3493484856529236,15.0,3.8549131811257102,1.0343303371289372,0.11793464344964706
train,GCF_022267535.1,grodon,0.765467842139571,0.07232129341643101,2.149999999999999,1.07500067922478,-0.2758719597615642,-0.7433745065795796
train,GCF_022507325.1,grodon,0.837247524533702,0.09131450495624249,2.3099999999999996,1.09561352696309,-0.22745913221324715,-0.7305642649597199
train,GCF_022674245.1,grodon,0.0,1.1729708324727477,1.0,3.23157887138137,-0.7921526313839767,-0.0010257729520686879
train,GCF_022846335.1,grodon,0.336472236621213,0.9616413108362728,1.4000000000000001,2.61598659889762,-0.5652141465228177,-0.14355997407430052
train,GCF_023227745.1,grodon,4.84221664247129,1.1139522160285873,126.74999999999969,3.0463745639264195,2.473749242858933,-0.040831718099090204
train,GCF_023555375.1,grodon,0.122217632724249,1.2768557267584417,1.1299999999999997,3.58534866790826,-0.7097212109723644,0.06904087131521872
train,GCF_023704195.1,grodon,2.07944154167984,1.6252367889420036,8.000000000000034,5.07962169303313,0.6103562875240278,0.30401143292878385
train,GCF_024054535.1,grodon,0.392042087776024,1.259647689130563,1.4800000000000004,3.5241796618232,-0.5277342701690672,0.05743466562669148
train,GCF_024239095.1,grodon,1.65822807660353,2.437725224285635,5.249999999999988,11.446971810072098,0.32626287605142695,0.8520058123035987
train,GCF_024508015.1,grodon,-1.83258146374831,-1.304629245189925,0.16000000000000003,0.271273092207202,-2.0281632602070356,-1.6720783785482625
train,GCF_025194745.1,grodon,0.231111720963387,-0.7401487530439443,1.2600000000000005,0.47704294865219216,-0.6362760446089137,-1.2913564833105797
train,GCF_025289255.1,grodon,0.587786664902119,0.22350351532988522,1.7999999999999998,1.25045003601312,-0.3957115565007392,-0.6414075070924671
train,GCF_025961535.1,grodon,2.99773027621666,1.6254805252396896,20.039999999999917,5.08085993211401,1.2297091832443956,0.30417582434085977
train,GCF_025990715.1,grodon,2.26176309847379,2.384327353861047,9.599999999999996,10.8517608144024,0.7333256542445457,0.8159908592404417
train,GCF_026192565.1,grodon,2.74727091425549,1.7418673953634223,15.599999999999977,5.70799255533919,1.0607833048613078,0.3826746039990065
train,GCF_026192785.1,grodon,1.87180217690159,1.3422331307561197,6.499999999999991,3.82758145851187,0.470310965171453,0.1131355911541439
train,GCF_026616695.1,grodon,-0.755022584278033,0.07508536606205207,0.46999999999999986,1.07797616953752,-1.3013883503027577,-0.7415102384766823
train,GCF_026627015.1,grodon,0.300104592450338,3.0129612833064177,1.3499999999999999,20.347565703961102,-0.5897428213073564,1.2399819525717215
train,GCF_026651045.1,grodon,1.16002091679675,1.0461070015659961,3.1899999999999893,2.8465479131381306,-0.009760027736659233,-0.08659088780007751
train,GCF_026736595.1,grodon,-0.287682072451781,-1.2221022141923101,0.7499999999999999,0.29461018177622206,-0.986183896190594,-1.6164168488994657
train,GCF_027048465.1,grodon,-0.0202027073175195,0.7495287201643048,0.98,2.11600255225356,-0.8057786346309925,-0.2866223272433134
train,GCF_027375625.1,grodon,4.0886617790866,2.2899123546361304,59.65999999999984,9.874072226594022,1.9655034491686914,0.7523113203654674
train,GCF_027912195.1,grodon,2.37024374146786,1.5317542739333097,10.699999999999994,4.62628547984232,0.8064919665829777,0.24096082129402263
train,GCF_027923385.1,grodon,4.4188406077966,0.9542569451260925,83.00000000000017,2.59674034530225,2.188197255567444,-0.14854046453840844
train,GCF_027925485.1,grodon,2.84083131233603,1.9982209147132826,17.130000000000024,7.37592202472567,1.1238864458414277,0.5555758806519622
train,GCF_027947375.1,grodon,-1.20397280432594,-1.7517870508761484,0.2999999999999988,0.173463677885296,-1.604189210602126,-1.9736703194919998
train,GCF_028355655.1,grodon,2.10169215061466,-1.3269379928099831,8.180000000000037,0.26528833369656496,0.6253635271394341,-1.6871248306267006
train,GCF_028857315.1,grodon,-0.544727175441672,-1.1671361909588085,0.58,0.31125704685584393,-1.1595516212643744,-1.5793442328741
train,GCF_029912275.1,grodon,-1.34707364796661,-1.116829432981946,0.2599999999999998,0.3273159282761449,-1.7007056095902735,-1.5454141245591058
train,GCF_030166575.1,grodon,-0.287682072451781,1.2157550949746403,0.7499999999999999,3.37283991749214,-0.986183896190594,0.027830681314653057
train,GCF_030546425.1,grodon,0.693147180559945,-0.7095296077366826,1.9999999999999993,0.4918755174890661,-0.32464965841464305,-1.270704965332304
train,GCF_030700495.1,grodon,0.53062825106217,0.488523014286147,1.6999999999999993,1.62990709177992,-0.4342628615479602,-0.4626613372576456
train,GCF_030803985.1,grodon,1.28093384546206,2.3387342786027707,3.5999999999999845,10.368105121610801,0.07179141646859184,0.785239961266883
train,GCF_031451685.1,grodon,1.33500106673234,0.7078413882434875,3.8,2.02960539659292,0.108257822728266,-0.3147389410805041
train,GCF_032970405.1,grodon,-0.967584026261706,-1.4555178846409436,0.37999999999999984,0.2332795207316079,-1.4447534376219315,-1.7738473671686361
train,GCF_033842665.1,grodon,1.52388002407245,1.5398103719784544,4.589999999999982,4.66370581782492,0.23564992149799163,0.24639437118395383
train,GCF_034721355.1,grodon,-1.10866262452161,-2.1974055384360107,0.33000000000000035,0.11109100614140899,-1.5399059044552685,-2.274224045435226
train,GCF_035211335.1,grodon,2.99573227355399,0.9584709360785525,19.99999999999998,2.6077060741371,1.2283616019355539,-0.14569827841460503
train,GCF_036225925.1,grodon,-1.42711635564015,1.2976361399989842,0.23999999999999896,3.66063320763223,-1.754691552044322,0.08305651653740216
train,GCF_037076595.1,grodon,0.336472236621213,-1.2815798888873746,1.4000000000000001,0.27759837922661407,-0.5652141465228177,-1.6565324124119407
train,GCF_037190085.1,grodon,2.484906649788,0.49203182414432856,11.999999999999995,1.63563617109856,0.8838279956867413,-0.46029477055104967
train,GCF_037477945.1,grodon,0.741937344729377,2.794513943365776,2.099999999999999,16.3546775214294,-0.2917424383601012,1.0926470376738593
train,GCF_037804945.1,grodon,1.40609698841607,1.575421260737292,4.079999999999998,4.83277704857936,0.15620947814189454,0.27041264151924954
train,GCF_037889345.1,grodon,-0.755022584278033,0.060094762215066044,0.46999999999999986,1.06193717329628,-1.3013883503027577,-0.7516208644182177
train,GCF_039405155.1,grodon,3.56671182013973,1.473107592521172,35.40000000000005,4.36277181399793,1.61346687686126,0.2014057330185268
train,GCF_039414295.1,grodon,2.42568729012803,2.342011404224517,11.31000000000001,10.4021384398248,0.8438866564231072,0.7874502652455021
train,GCF_039521845.1,grodon,0.871293365943419,0.021246943496898263,2.3899999999999992,1.02147426692225,-0.20449643031864045,-0.7778223281960055
train,GCF_039522505.1,grodon,3.31418600467253,1.2697770967282793,27.500000000000128,3.5600589251247103,1.4431472495246074,0.06426658862827539
train,GCF_900095385.1,grodon,3.5307625860168,2.1965315193674018,34.150000000000034,8.99376463926345,1.589220404683643,0.6893292880772832
train,GCF_900101845.1,grodon,2.29051251175978,1.892590056896548,9.880000000000035,6.636535444396329,0.7527161048721694,0.4843316464523344
train,GCF_900103735.1,grodon,1.58923520511658,0.7753906432934554,4.899999999999995,2.17144022008087,0.2797296527498703,-0.2691793854141117
train,GCF_900103835.1,grodon,1.56444054650336,1.5635125398812013,4.779999999999978,4.77556618596865,0.2630065426506905,0.2623806353874684
train,GCF_900106715.1,grodon,1.0681530811834,1.2820457131320295,2.9099999999999966,3.6040049496863196,-0.07172159589135342,0.07254133143014348
train,GCF_900106765.1,grodon,1.41098697371026,1.694247250285649,4.099999999999992,5.4425475467535,0.1595075982625931,0.35055651995932874
train,GCF_900108185.1,grodon,3.43398720448515,0.5935458406308827,31.00000000000011,1.81039642499523,1.5239488723955947,-0.3918271985309429
train,GCF_900111795.1,grodon,0.900161349944271,-0.15569429435217752,2.459999999999999,0.855820779630181,-0.18502600798621877,-0.8971628622922314
train,GCF_900114025.1,grodon,0.693147180559945,1.4902304613199453,1.9999999999999993,4.438118215735191,-0.32464965841464305,0.21295449537910316
train,GCF_900129575.1,grodon,6.07076082242403,0.8874920434359828,433.0099999999986,2.42903010379388,3.30235833579083,-0.1935710019271878
train,GCF_900129725.1,grodon,-0.462035459596559,1.241345293821653,0.6299999999999998,3.4602654086209106,-1.103779017578248,0.045090354837656284
train,GCF_900129805.1,grodon,-0.478035800943,2.164510697025233,0.6199999999999999,8.710338879252959,-1.1145706753354687,0.6677323890899807
train,GCF_900129965.1,grodon,2.19722457733622,0.8084237474374181,9.000000000000005,2.24436750703013,0.6897967308801247,-0.2468997385702296
train,GCF_900129985.1,grodon,0.182321556793955,2.036553212968071,1.2000000000000004,7.66414693791202,-0.6691832646634555,0.5814296443221599
train,GCF_900142145.1,grodon,1.58923520511658,0.8910043539183572,4.899999999999995,2.4375766118984,0.2797296527498703,-0.19120207417482366
train,GCF_900142215.1,grodon,2.35137525716348,0.013433993339911021,10.500000000000023,1.01352463486619,0.7937658490207639,-0.7830918835350348
train,GCF_900156105.1,grodon,1.6094379124341,2.438735528869654,4.999999999999998,11.4585425821828,0.29335565599688657,0.8526872265975327
train,GCF_900167395.1,grodon,1.70474809223843,1.5009037269853365,5.500000000000026,4.48574112439033,0.3576389621437439,0.22015323118847482
train,GCF_900169305.1,grodon,4.04305126783455,-0.2090451789639003,57.00000000000001,0.8113585784754241,1.93474079124118,-0.9331461251057303
train,GCF_900176005.1,grodon,2.2628042229822,2.1735678030243926,9.609999999999987,8.789587682437737,0.7340278554747657,0.6738410830295346
train,GCF_900182585.1,grodon,0.27002713721306,1.6146959014066669,1.3099999999999998,5.026359182279589,-0.6100289887147177,0.2969019814317375
train,GCF_900184185.1,grodon,0.165514438477573,1.5671787074369092,1.1799999999999995,4.79310634471412,-0.680519064620989,0.26485333423089813
train,GCF_900332065.1,grodon,-0.7339691750802,-0.14805380236637156,0.4800000000000002,0.862384715355444,-1.287188579074985,-0.8920096238192319
train,GCF_900454615.1,grodon,2.10778601468898,-1.1042124463365948,8.230000000000015,0.331471831327867,0.6294736204233946,-1.53690441849372
train,GCF_900465415.1,grodon,-0.150723511154449,-0.8999967772452147,0.8600854698257804,0.40657097001702697,-0.8938102468764882,-1.3991682563845165
train,GCF_904830885.1,grodon,2.96236379950086,2.0518665409466412,19.343642248184427,7.782413751801208,1.2058557600872377,0.5917579361436067
train,GCF_904845985.1,grodon,0.963174317773006,0.460027441020453,2.6200000000000014,1.58411745419752,-0.14252601574538337,-0.4818805818737972
train,GCF_904846205.1,grodon,0.916290731874155,0.30065878567901716,2.5,1.3507483682098602,-0.17414731697244715,-0.5893690378032561
train,GCF_907165215.1,grodon,-0.59783700075562,1.1324169650983686,0.5500000000000003,3.10314764311086,-1.1953722982064563,-0.028377905507250663
train,GCF_937920065.1,grodon,1.22082992139236,2.7547493673326895,3.3900000000000032,15.717101190120202,0.031253470159686894,1.0658272538880904
train,GCF_943908195.1,grodon,2.63905732961526,2.3087895153246856,14.000000000000021,10.0622370962708,0.9877971138273808,0.7650432898383723
val,GCA_003452855.1,train_mean,1.71379792775834,1.174491703292253,5.549999999999982,3.2364974246818075,0.36374275240517673,-3.466565351495181e-17
val,GCA_014493705.1,train_mean,-0.82098055206983,1.174491703292253,0.4400000000000001,3.2364974246818075,-1.345874639648652,-3.466565351495181e-17
val,GCA_026565205.1,train_mean,-0.315219626194114,1.174491703292253,0.7296286111157317,3.2364974246818075,-1.004756990915503,-3.466565351495181e-17
val,GCA_026757595.1,train_mean,0.231324080173954,1.174491703292253,1.2602676010180798,3.2364974246818075,-0.6361328159194494,-3.466565351495181e-17
val,GCA_028143605.1,train_mean,3.86022082968618,1.174491703292253,47.47583428492768,3.2364974246818075,1.8114282022545227,-3.466565351495181e-17
val,GCF_000429305.1,train_mean,2.99573227355399,1.174491703292253,19.99999999999998,3.2364974246818075,1.2283616019355539,-3.466565351495181e-17
val,GCF_001263355.1,train_mean,1.7509374747078,1.174491703292253,5.760000000000001,3.2364974246818075,0.3887920479957329,-3.466565351495181e-17
val,GCF_001307275.1,train_mean,-0.713349887877465,1.174491703292253,0.4899999999999999,3.2364974246818075,-1.2732816076003264,-3.466565351495181e-17
val,GCF_001999545.1,train_mean,0.657520002916794,1.174491703292253,1.9299999999999997,3.2364974246818075,-0.3486789150196033,-3.466565351495181e-17
val,GCF_002893185.1,train_mean,2.29393830172127,1.174491703292253,9.913904847102943,3.2364974246818075,0.7550266776288405,-3.466565351495181e-17
val,GCF_004006935.1,train_mean,0.285178942233662,1.174491703292253,1.3299999999999994,3.2364974246818075,-0.599809638349243,-3.466565351495181e-17
val,GCF_013267335.1,train_mean,-0.843970070294529,1.174491703292253,0.43,3.2364974246818075,-1.3613802471424274,-3.466565351495181e-17
val,GCF_016906995.1,train_mean,1.99877363861238,1.174491703292253,7.379999999999992,3.2364974246818075,0.5559486731458313,-3.466565351495181e-17
val,GCF_018390735.1,train_mean,2.53686638871871,1.174491703292253,12.639999999999983,3.2364974246818075,0.9188729805126106,-3.466565351495181e-17
val,GCF_018861705.1,train_mean,1.57277392806251,1.174491703292253,4.820000000000005,3.2364974246818075,0.26862711034980924,-3.466565351495181e-17
val,GCF_019689215.1,train_mean,0.512823626428664,1.174491703292253,1.6700000000000004,3.2364974246818075,-0.44627144382631984,-3.466565351495181e-17
val,GCF_020740325.1,train_mean,1.6094379124341,1.174491703292253,4.999999999999998,3.2364974246818075,0.29335565599688657,-3.466565351495181e-17
val,GCF_021229285.1,train_mean,2.48425358272214,1.174491703292253,11.992165753632262,3.2364974246818075,0.883387525317099,-3.466565351495181e-17
val,GCF_023283945.1,train_mean,0.494696241836107,1.174491703292253,1.64,3.2364974246818075,-0.4584977161489352,-3.466565351495181e-17
val,GCF_023712965.1,train_mean,1.19392246847243,1.174491703292253,3.299999999999985,3.2364974246818075,0.013105355894924807,-3.466565351495181e-17
val,GCF_024500045.1,train_mean,2.2690283094652,1.174491703292253,9.669999999999973,3.2364974246818075,0.7382257791141149,-3.466565351495181e-17
val,GCF_024762195.1,train_mean,0.0953101798043249,1.174491703292253,1.1,3.2364974246818075,-0.7278693252371227,-3.466565351495181e-17
val,GCF_026914305.1,train_mean,1.5953389880546,1.174491703292253,4.930000000000007,3.2364974246818075,0.28384643595250664,-3.466565351495181e-17
val,GCF_033042455.1,train_mean,1.66770682055808,1.174491703292253,5.300000000000021,3.2364974246818075,0.33265594970598256,-3.466565351495181e-17
val,GCF_945859885.1,train_mean,0.712949807856125,1.174491703292253,2.04,3.2364974246818075,-0.311293494827439,-3.466565351495181e-17
val,GCA_003452855.1,temperature_linear,1.71379792775834,1.4625491424564518,5.549999999999982,4.316950034826544,0.36374275240517673,0.1942844362237863
val,GCA_014493705.1,temperature_linear,-0.82098055206983,1.27525790961158,0.4400000000000001,3.579624510625351,-1.345874639648652,0.0679632008184336
val,GCA_026565205.1,temperature_linear,-0.315219626194114,1.27525790961158,0.7296286111157317,3.579624510625351,-1.004756990915503,0.0679632008184336
val,GCA_026757595.1,temperature_linear,0.231324080173954,1.27525790961158,1.2602676010180798,3.579624510625351,-0.6361328159194494,0.0679632008184336
val,GCA_028143605.1,temperature_linear,3.86022082968618,1.72370170656409,47.47583428492768,5.6052390585719065,1.8114282022545227,0.37042249685941886
val,GCF_000429305.1,temperature_linear,2.99573227355399,1.459911237768496,19.99999999999998,4.305577338730957,1.2283616019355539,0.19250526389413342
val,GCF_001263355.1,temperature_linear,1.7509374747078,1.726339611252046,5.760000000000001,5.620044664264508,0.3887920479957329,0.3722016691890717
val,GCF_001307275.1,temperature_linear,-0.713349887877465,1.4493596190166722,0.4899999999999999,4.260385371642628,-1.2732816076003264,0.18538857457552202
val,GCF_001999545.1,temperature_linear,0.657520002916794,0.40738726727407504,1.9299999999999997,1.5028860115470621,-0.3486789150196033,-0.5173844956373557
val,GCF_002893185.1,temperature_linear,2.29393830172127,1.459911237768496,9.913904847102943,4.305577338730957,0.7550266776288405,0.19250526389413342
val,GCF_004006935.1,temperature_linear,0.285178942233662,1.27525790961158,1.3299999999999994,3.579624510625351,-0.599809638349243,0.0679632008184336
val,GCF_013267335.1,temperature_linear,-0.843970070294529,1.5126693315276147,0.43,4.538830281126946,-1.3613802471424274,0.2280887104871905
val,GCF_016906995.1,temperature_linear,1.99877363861238,1.459911237768496,7.379999999999992,4.305577338730957,0.5559486731458313,0.19250526389413342
val,GCF_018390735.1,temperature_linear,2.53686638871871,1.27525790961158,12.639999999999983,3.579624510625351,0.9188729805126106,0.0679632008184336
val,GCF_018861705.1,temperature_linear,1.57277392806251,2.132576933197261,4.820000000000005,8.436579324910124,0.26862711034980924,0.6461942079556114
val,GCF_019689215.1,temperature_linear,0.512823626428664,1.4414459049528043,1.6700000000000004,4.226802956089974,-0.44627144382631984,0.18005105758656345
val,GCF_020740325.1,temperature_linear,1.6094379124341,1.459911237768496,4.999999999999998,4.305577338730957,0.29335565599688657,0.19250526389413342
val,GCF_021229285.1,temperature_linear,2.48425358272214,1.5126693315276147,11.992165753632262,4.538830281126946,0.883387525317099,0.2280887104871905
val,GCF_023283945.1,temperature_linear,0.494696241836107,1.8318557987702837,1.64,6.245466239082046,-0.4584977161489352,0.4433685623751859
val,GCF_023712965.1,temperature_linear,1.19392246847243,1.459911237768496,3.299999999999985,4.305577338730957,0.013105355894924807,0.19250526389413342
val,GCF_024500045.1,temperature_linear,2.2690283094652,1.269982100235668,9.669999999999973,3.560788824504281,0.7382257791141149,0.06440485615912783
val,GCF_024762195.1,temperature_linear,0.0953101798043249,1.27525790961158,1.1,3.579624510625351,-0.7278693252371227,0.0679632008184336
val,GCF_026914305.1,temperature_linear,1.5953389880546,0.5392825016718721,4.930000000000007,1.7147760717280336,0.28384643595250664,-0.428425879154713
val,GCF_033042455.1,temperature_linear,1.66770682055808,1.459911237768496,5.300000000000021,4.305577338730957,0.33265594970598256,0.19250526389413342
val,GCF_945859885.1,temperature_linear,0.712949807856125,1.8555969409618873,2.04,6.395514856153474,-0.311293494827439,0.4593811133420616
val,GCA_003452855.1,grodon,1.71379792775834,1.6034717724789018,5.549999999999982,4.970258110582801,0.36374275240517673,0.2893317080613946
val,GCA_014493705.1,grodon,-0.82098055206983,-0.457282668604968,0.4400000000000001,0.633001385153,-1.345874639648652,-1.1005734301059371
val,GCA_026565205.1,grodon,-0.315219626194114,-0.33079181942484936,0.7296286111157317,0.7183547009700189,-1.004756990915503,-1.0152598780875184
val,GCA_026757595.1,grodon,0.231324080173954,-0.5683356421608294,1.2602676010180798,0.5664674591087568,-0.6361328159194494,-1.1754746873721202
val,GCA_028143605.1,grodon,3.86022082968618,2.0027198332880687,47.47583428492768,7.409180454716498,1.8114282022545227,0.5586102402625147
val,GCF_000429305.1,grodon,2.99573227355399,1.278380722781116,19.99999999999998,3.5908204815533,1.2283616019355539,0.07006942656922792
val,GCF_001263355.1,grodon,1.7509374747078,0.5348586170075946,5.760000000000001,1.70720685517676,0.3887920479957329,-0.4314096310772879
val,GCF_001307275.1,grodon,-0.713349887877465,-1.1214101096107005,0.4899999999999999,0.32582002858530196,-1.2732816076003264,-1.5485036270518144
val,GCF_001999545.1,grodon,0.657520002916794,1.9451151110335165,1.9299999999999997,6.994436945560349,-0.3486789150196033,0.519757916158245
val,GCF_002893185.1,grodon,2.29393830172127,2.038020849847624,9.913904847102943,7.675403380773261,0.7550266776288405,0.5824195128864039
val,GCF_004006935.1,grodon,0.285178942233662,0.15982110709196484,1.3299999999999994,1.17330095699611,-0.599809638349243,-0.6843590129371913
val,GCF_013267335.1,grodon,-0.843970070294529,-1.0952172012973556,0.43,0.334466952402578,-1.3613802471424274,-1.5308374475582904
val,GCF_016906995.1,grodon,1.99877363861238,0.7939518180751934,7.379999999999992,2.21212107583969,0.5559486731458313,-0.2566605371296015
val,GCF_018390735.1,grodon,2.53686638871871,0.5225494196228884,12.639999999999983,1.68632131484679,0.9188729805126106,-0.4397117442988519
val,GCF_018861705.1,grodon,1.57277392806251,1.0079918057577542,4.820000000000005,2.74009284745338,0.26862711034980924,-0.11229822363785255
val,GCF_019689215.1,grodon,0.512823626428664,0.11545525058278683,1.6700000000000004,1.12238428738172,-0.44627144382631984,-0.7142821957735064
val,GCF_020740325.1,grodon,1.6094379124341,-0.5815551284919194,4.999999999999998,0.5590283293481532,0.29335565599688657,-1.1843907579185222
val,GCF_021229285.1,grodon,2.48425358272214,1.20482945942975,11.992165753632262,3.33619007379199,0.883387525317099,0.02046173105117589
val,GCF_023283945.1,grodon,0.494696241836107,0.20761177813791476,1.64,1.23073527844945,-0.4584977161489352,-0.6521259152332775
val,GCF_023712965.1,grodon,1.19392246847243,0.5654628776443933,3.299999999999985,1.76026238028187,0.013105355894924807,-0.4107681522766764
val,GCF_024500045.1,grodon,2.2690283094652,1.6572515859695662,9.669999999999973,5.24487592638379,0.7382257791141149,0.32560426805696613
val,GCF_024762195.1,grodon,0.0953101798043249,-0.38686330386955503,1.1,0.6791839303965131,-0.7278693252371227,-1.0530780881472168
val,GCF_026914305.1,grodon,1.5953389880546,1.4030761062076775,4.930000000000007,4.06769339834564,0.28384643595250664,0.1541720011773735
val,GCF_033042455.1,grodon,1.66770682055808,0.38020205826910525,5.300000000000021,1.4625800859800597,0.33265594970598256,-0.5357199464435599
val,GCF_945859885.1,grodon,0.712949807856125,-0.6593080317991562,2.04,0.517209102947653,-0.311293494827439,-1.2368323092550881
test,GCA_001509385.1,train_mean,2.484906649788,1.174491703292253,11.999999999999995,3.2364974246818075,0.8838279956867413,-3.466565351495181e-17
test,GCA_002128215.1,train_mean,0.879626747502564,1.174491703292253,2.410000000000001,3.2364974246818075,-0.19887586261952508,-3.466565351495181e-17
test,GCA_016704125.1,train_mean,1.49514876603197,1.174491703292253,4.4599999999999875,3.2364974246818075,0.21627171593388225,-3.466565351495181e-17
test,GCA_019029225.1,train_mean,-0.82098055206983,1.174491703292253,0.4400000000000001,3.2364974246818075,-1.345874639648652,-3.466565351495181e-17
test,GCA_029338435.1,train_mean,0.324496045574495,1.174491703292253,1.3833333333333302,3.2364974246818075,-0.573291658884141,-3.466565351495181e-17
test,GCA_029367245.1,train_mean,0.8754687373539,1.174491703292253,2.4,3.2364974246818075,-0.20168029169412188,-3.466565351495181e-17
test,GCA_030322585.1,train_mean,-2.20727491318972,1.174491703292253,0.11000000000000011,3.2364974246818075,-2.2808805855873193,-3.466565351495181e-17
test,GCA_034941385.1,train_mean,-0.867500567704723,1.174491703292253,0.42000000000000004,3.2364974246818075,-1.3772507257409643,-3.466565351495181e-17
test,GCA_037318575.1,train_mean,1.79175946922805,1.174491703292253,5.999999999999971,3.2364974246818075,0.4163250227174044,-3.466565351495181e-17
test,GCA_963572315.1,train_mean,-0.430782916092454,1.174491703292253,0.6500000000000001,3.2364974246818075,-1.0827002951787432,-3.466565351495181e-17
test,GCF_000147695.1,train_mean,0.182321556793955,1.174491703292253,1.2000000000000004,3.2364974246818075,-0.6691832646634555,-3.466565351495181e-17
test,GCF_000243455.1,train_mean,-0.843970070294529,1.174491703292253,0.43,3.2364974246818075,-1.3613802471424274,-3.466565351495181e-17
test,GCF_000336695.1,train_mean,0.378436435720245,1.174491703292253,1.46,3.2364974246818075,-0.5369107956800339,-3.466565351495181e-17
test,GCF_000376265.1,train_mean,0.131028262406404,1.174491703292253,1.14,3.2364974246818075,-0.7037787564898808,-3.466565351495181e-17
test,GCF_000512105.1,train_mean,0.548121408509688,1.174491703292253,1.7300000000000009,3.2364974246818075,-0.42246435274247274,-3.466565351495181e-17
test,GCF_000708905.1,train_mean,1.79175946922805,1.174491703292253,5.999999999999971,3.2364974246818075,0.4163250227174044,-3.466565351495181e-17
test,GCF_000817325.1,train_mean,1.68639895357023,1.174491703292253,5.400000000000007,3.2364974246818075,0.3452631246313122,-3.466565351495181e-17
test,GCF_001050215.1,train_mean,3.80666248977032,1.174491703292253,45.000000000000014,3.2364974246818075,1.775305018260988,-3.466565351495181e-17
test,GCF_001484195.1,train_mean,-1.46967597005894,1.174491703292253,0.2300000000000004,3.2364974246818075,-1.7833964892167413,-3.466565351495181e-17
test,GCF_001567655.1,train_mean,2.32532457996354,1.174491703292253,10.23000000000005,3.2364974246818075,0.7761955993243027,-3.466565351495181e-17
test,GCF_001678785.1,train_mean,-0.941608539858445,1.174491703292253,0.39,3.2364974246818075,-1.4272339014275566,-3.466565351495181e-17
test,GCF_001696705.1,train_mean,0.657520002916794,1.174491703292253,1.9299999999999997,3.2364974246818075,-0.3486789150196033,-3.466565351495181e-17
test,GCF_001715425.1,train_mean,0.693147180559945,1.174491703292253,1.9999999999999993,3.2364974246818075,-0.32464965841464305,-3.466565351495181e-17
test,GCF_001869735.1,train_mean,2.35137525716348,1.174491703292253,10.500000000000023,3.2364974246818075,0.7937658490207639,-3.466565351495181e-17
test,GCF_001928355.1,train_mean,1.50407739677627,1.174491703292253,4.499999999999981,3.2364974246818075,0.22229375791078768,-3.466565351495181e-17
test,GCF_002192615.1,train_mean,0.8754687373539,1.174491703292253,2.4,3.2364974246818075,-0.20168029169412188,-3.466565351495181e-17
test,GCF_002216005.1,train_mean,1.09861228866811,1.174491703292253,3.000000000000001,3.2364974246818075,-0.051177950251925966,-3.466565351495181e-17
test,GCF_002285495.1,train_mean,-0.653926467406664,1.174491703292253,0.52,3.2364974246818075,-1.2332026366209392,-3.466565351495181e-17
test,GCF_002909415.1,train_mean,2.40784560365154,1.174491703292253,11.110000000000014,3.2364974246818075,0.8318530772577015,-3.466565351495181e-17
test,GCF_003173335.1,train_mean,0.662687973075237,1.174491703292253,1.9400000000000004,3.2364974246818075,-0.34519330405406906,-3.466565351495181e-17
test,GCF_003253775.1,train_mean,5.48063892334199,1.174491703292253,239.99999999999977,3.2364974246818075,2.9043422290062724,-3.466565351495181e-17
test,GCF_003634755.1,train_mean,1.38629436111989,1.174491703292253,3.9999999999999973,3.2364974246818075,0.14285331455469058,-3.466565351495181e-17
test,GCF_003688505.1,train_mean,0.285178942233662,1.174491703292253,1.3299999999999994,3.2364974246818075,-0.599809638349243,-3.466565351495181e-17
test,GCF_003935635.1,train_mean,-0.653926467406664,1.174491703292253,0.52,3.2364974246818075,-1.2332026366209392,-3.466565351495181e-17
test,GCF_003999925.1,train_mean,-0.527632742082372,1.174491703292253,0.59,3.2364974246818075,-1.1480220375903227,-3.466565351495181e-17
test,GCF_004319545.1,train_mean,2.89037175789616,1.174491703292253,17.99999999999992,3.2364974246818075,1.157299703849455,-3.466565351495181e-17
test,GCF_004786015.1,train_mean,-0.139262067333508,1.174491703292253,0.8699999999999997,3.2364974246818075,-0.8860799131016581,-3.466565351495181e-17
test,GCF_005502435.1,train_mean,-0.162518929497775,1.174491703292253,0.85,3.2364974246818075,-0.9017658345172939,-3.466565351495181e-17
test,GCF_006370045.1,train_mean,1.63510565918268,1.174491703292253,5.13000000000001,3.2364974246818075,0.31066763280488763,-3.466565351495181e-17
test,GCF_006539545.1,train_mean,2.77757626375082,1.174491703292253,16.08,3.2364974246818075,1.081223178791829,-3.466565351495181e-17
test,GCF_008086615.1,train_mean,2.82316300820271,1.174491703292253,16.829999999999924,3.2364974246818075,1.111969806862992,-3.466565351495181e-17
test,GCF_009856415.1,train_mean,-0.7339691750802,1.174491703292253,0.4800000000000002,3.2364974246818075,-1.287188579074985,-3.466565351495181e-17
test,GCF_011604805.1,train_mean,0.405465108108164,1.174491703292253,1.4999999999999993,3.2364974246818075,-0.5186809232212604,-3.466565351495181e-17
test,GCF_013407525.1,train_mean,1.14118100796915,1.174491703292253,3.13046328497852,3.2364974246818075,-0.02246687216219525,-3.466565351495181e-17
test,GCF_014202435.1,train_mean,0.678033542749897,1.174491703292253,1.9699999999999998,3.2364974246818075,-0.3348432663621951,-3.466565351495181e-17
test,GCF_014646935.1,train_mean,-0.867500567704723,1.174491703292253,0.42000000000000004,3.2364974246818075,-1.3772507257409643,-3.466565351495181e-17
test,GCF_014962245.1,train_mean,0.593326845277734,1.174491703292253,1.8099999999999994,3.2364974246818075,-0.39197490306114197,-3.466565351495181e-17
test,GCF_015912085.1,train_mean,0.0,1.174491703292253,1.0,3.2364974246818075,-0.7921526313839767,-3.466565351495181e-17
test,GCF_016583925.1,train_mean,1.33500106673234,1.174491703292253,3.8,3.2364974246818075,0.108257822728266,-3.466565351495181e-17
test,GCF_016860465.1,train_mean,-1.56064774826467,1.174491703292253,0.2099999999999997,3.2364974246818075,-1.8447536987102993,-3.466565351495181e-17
test,GCF_018853755.1,train_mean,0.908258560176891,1.174491703292253,2.4800000000000004,3.2364974246818075,-0.17956472939680065,-3.466565351495181e-17
test,GCF_019285535.1,train_mean,0.625938430866495,1.174491703292253,1.8699999999999997,3.2364974246818075,-0.3699795554011061,-3.466565351495181e-17
test,GCF_020784175.1,train_mean,1.01160091167848,1.174491703292253,2.7500000000000004,3.2364974246818075,-0.109864010825593,-3.466565351495181e-17
test,GCF_021391295.1,train_mean,0.22314355131421,1.174491703292253,1.2500000000000002,3.2364974246818075,-0.6416502899417809,-3.466565351495181e-17
test,GCF_021870015.1,train_mean,3.3322045101752,1.174491703292253,27.999999999999886,3.2364974246818075,1.4553000867967107,-3.466565351495181e-17
test,GCF_023283765.1,train_mean,-0.287682072451781,1.174491703292253,0.7499999999999999,3.2364974246818075,-0.986183896190594,-3.466565351495181e-17
test,GCF_026127295.1,train_mean,2.27680346595398,1.174491703292253,9.745478812793628,3.2364974246818075,0.7434698439761692,-3.466565351495181e-17
test,GCF_026627265.1,train_mean,1.07158361628019,1.174491703292253,2.9199999999999986,3.2364974246818075,-0.06940782271070021,-3.466565351495181e-17
test,GCF_027925425.1,train_mean,1.14422279992016,1.174491703292253,3.1399999999999935,3.2364974246818075,-0.020415292324414518,-3.466565351495181e-17
test,GCF_029636705.1,train_mean,0.412109650826833,1.174491703292253,1.51,3.2364974246818075,-0.5141994168945808,-3.466565351495181e-17
test,GCF_030386135.1,train_mean,1.09861228866811,1.174491703292253,3.000000000000001,3.2364974246818075,-0.051177950251925966,-3.466565351495181e-17
test,GCF_031454185.1,train_mean,1.35066718347674,1.174491703292253,3.860000000000002,3.2364974246818075,0.11882405794973108,-3.466565351495181e-17
test,GCF_032304395.1,train_mean,0.0861776962410524,1.174491703292253,1.09,3.2364974246818075,-0.7340288586467147,-3.466565351495181e-17
test,GCF_036225825.1,train_mean,0.693147180559945,1.174491703292253,1.9999999999999993,3.2364974246818075,-0.32464965841464305,-3.466565351495181e-17
test,GCF_036677515.1,train_mean,0.0,1.174491703292253,1.0,3.2364974246818075,-0.7921526313839767,-3.466565351495181e-17
test,GCF_037151075.1,train_mean,2.46044317760963,1.174491703292253,11.710000000000045,3.2364974246818075,0.8673282589882502,-3.466565351495181e-17
test,GCF_037414695.1,train_mean,3.2468800212778,1.174491703292253,25.710000000000047,3.2364974246818075,1.397751771885584,-3.466565351495181e-17
test,GCF_900129955.1,train_mean,0.336472236621213,1.174491703292253,1.4000000000000001,3.2364974246818075,-0.5652141465228177,-3.466565351495181e-17
test,GCF_900176145.1,train_mean,1.17865499634165,1.174491703292253,3.2500000000000124,3.2364974246818075,0.002807992202122624,-3.466565351495181e-17
test,GCF_900215655.1,train_mean,-0.967584026261706,1.174491703292253,0.37999999999999984,3.2364974246818075,-1.4447534376219315,-3.466565351495181e-17
test,GCF_900497605.1,train_mean,1.5993875765806,1.174491703292253,4.9500000000000055,3.2364974246818075,0.28657706405764516,-3.466565351495181e-17
test,GCF_904846215.1,train_mean,0.412109650826833,1.174491703292253,1.51,3.2364974246818075,-0.5141994168945808,-3.466565351495181e-17
test,GCF_963874245.1,train_mean,-0.3147107448397,1.174491703292253,0.7300000000000002,3.2364974246818075,-1.0044137686493675,-3.466565351495181e-17
test,GCF_963903135.1,train_mean,2.62921935297233,1.174491703292253,13.862943611198952,3.2364974246818075,0.9811617505776056,-3.466565351495181e-17
test,GCA_001509385.1,temperature_linear,2.484906649788,0.6949188782612727,11.999999999999995,2.003546536169956,0.8838279956867413,-0.3234547117051944
test,GCA_002128215.1,temperature_linear,0.879626747502564,0.6685398313817134,2.410000000000001,1.9513858869213025,-0.19887586261952508,-0.34124643500172297
test,GCA_016704125.1,temperature_linear,1.49514876603197,1.9769405566078606,4.4599999999999875,7.220618085191381,0.21627171593388225,0.541223040506093
test,GCA_019029225.1,temperature_linear,-0.82098055206983,1.27525790961158,0.4400000000000001,3.579624510625351,-1.345874639648652,0.0679632008184336
test,GCA_029338435.1,temperature_linear,0.324496045574495,1.0642255345751046,1.3833333333333302,2.8985932542955677,-0.573291658884141,-0.07437058555379478
test,GCA_029367245.1,temperature_linear,0.8754687373539,1.3280160033706987,2.4,3.773549246865779,-0.20168029169412188,0.1035466474114907
test,GCA_030322585.1,temperature_linear,-2.20727491318972,1.1169836283342234,0.11000000000000011,3.0556233926911034,-2.2808805855873193,-0.03878713896073768
test,GCA_034941385.1,temperature_linear,-0.867500567704723,1.27525790961158,0.42000000000000004,3.579624510625351,-1.3772507257409643,0.0679632008184336
test,GCA_037318575.1,temperature_linear,1.79175946922805,1.27525790961158,5.999999999999971,3.579624510625351,0.4163250227174044,0.0679632008184336
test,GCA_963572315.1,temperature_linear,-0.430782916092454,1.27525790961158,0.6500000000000001,3.579624510625351,-1.0827002951787432,0.0679632008184336
test,GCF_000147695.1,temperature_linear,0.182321556793955,0.4706969797850177,1.2000000000000004,1.6011097455397278,-0.6691832646634555,-0.4746843597256871
test,GCF_000243455.1,temperature_linear,-0.843970070294529,0.28076784225218987,0.43,1.3241461574589104,-1.3613802471424274,-0.6027847674606926
test,GCF_000336695.1,temperature_linear,0.378436435720245,0.9059512532977482,1.46,2.474284475210187,-0.5369107956800339,-0.18112092533296603
test,GCF_000376265.1,temperature_linear,0.131028262406404,0.3968356485222515,1.14,1.4871115009929534,-0.7037787564898808,-0.5245011849559669
test,GCF_000512105.1,temperature_linear,0.548121408509688,0.5999543094948588,1.7300000000000009,1.8220355487640107,-0.42246435274247274,-0.38750491557269723
test,GCF_000708905.1,temperature_linear,1.79175946922805,1.27525790961158,5.999999999999971,3.579624510625351,0.4163250227174044,0.0679632008184336
test,GCF_000817325.1,temperature_linear,1.68639895357023,1.2488788627320206,5.400000000000007,3.486431996665809,0.3452631246313122,0.050171477521905046
test,GCF_001050215.1,temperature_linear,3.80666248977032,0.8004350657795105,45.000000000000014,2.2265093958495816,1.775305018260988,-0.2522878185190802
test,GCF_001484195.1,temperature_linear,-1.46967597005894,0.14623470316643683,0.2300000000000004,1.1574678175352235,-1.7833964892167413,-0.6935225562729882
test,GCF_001567655.1,temperature_linear,2.32532457996354,1.4862902846480552,10.23000000000005,4.420665651546837,0.7761955993243027,0.21029698719066195
test,GCF_001678785.1,temperature_linear,-0.941608539858445,1.1961207689729016,0.39,3.3072623711639912,-1.4272339014275566,0.014588030928847957
test,GCF_001696705.1,temperature_linear,0.657520002916794,1.2884474330513598,1.9299999999999997,3.62715078750071,-0.3486789150196033,0.07685906246669787
test,GCF_001715425.1,temperature_linear,0.693147180559945,1.27525790961158,1.9999999999999993,3.579624510625351,-0.32464965841464305,0.0679632008184336
test,GCF_001869735.1,temperature_linear,2.35137525716348,1.591806472166293,10.500000000000023,4.912615420400506,0.7937658490207639,0.2814638803767761
test,GCF_001928355.1,temperature_linear,1.50407739677627,1.5126693315276147,4.499999999999981,4.538830281126946,0.22229375791078768,0.2280887104871905
test,GCF_002192615.1,temperature_linear,0.8754687373539,1.27525790961158,2.4,3.579624510625351,-0.20168029169412188,0.0679632008184336
test,GCF_002216005.1,temperature_linear,1.09861228866811,0.8795722064181888,3.000000000000001,2.409868559571141,-0.051177950251925966,-0.1989126486294946
test,GCF_002285495.1,temperature_linear,-0.653926467406664,0.91122706267366,0.52,2.487372823900953,-1.2332026366209392,-0.1775625806736603
test,GCF_002909415.1,temperature_linear,2.40784560365154,1.8661485597137109,11.110000000000014,6.463355173796092,0.8318530772577015,0.466497802660673
test,GCF_003173335.1,temperature_linear,0.662687973075237,1.4625491424564518,1.9400000000000004,4.316950034826544,-0.34519330405406906,0.1942844362237863
test,GCF_003253775.1,temperature_linear,5.48063892334199,1.27525790961158,239.99999999999977,3.579624510625351,2.9043422290062724,0.0679632008184336
test,GCF_003634755.1,temperature_linear,1.38629436111989,1.726339611252046,3.9999999999999973,5.620044664264508,0.14285331455469058,0.3722016691890717
test,GCF_003688505.1,temperature_linear,0.285178942233662,0.8030729704674664,1.3299999999999994,2.232390468867406,-0.599809638349243,-0.2505086461894274
test,GCF_003935635.1,temperature_linear,-0.653926467406664,1.3728603830659498,0.52,3.946623420428236,-1.2332026366209392,0.13379257701558928
test,GCF_003999925.1,temperature_linear,-0.527632742082372,1.3834120018177736,0.59,3.988487162828904,-1.1480220375903227,0.14090926633420067
test,GCF_004319545.1,temperature_linear,2.89037175789616,1.446721714328716,17.99999999999992,4.2491616911063925,1.157299703849455,0.18360940224586914
test,GCF_004786015.1,temperature_linear,-0.139262067333508,1.591806472166293,0.8699999999999997,4.912615420400506,-0.8860799131016581,0.2814638803767761
test,GCF_005502435.1,temperature_linear,-0.162518929497775,1.1433626752137829,0.85,3.1373003695978086,-0.9017658345172939,-0.020995415664209136
test,GCF_006370045.1,temperature_linear,1.63510565918268,1.5126693315276147,5.13000000000001,4.538830281126946,0.31066763280488763,0.2280887104871905
test,GCF_006539545.1,temperature_linear,2.77757626375082,1.5126693315276147,16.08,4.538830281126946,1.081223178791829,0.2280887104871905
test,GCF_008086615.1,temperature_linear,2.82316300820271,1.721063801876134,16.829999999999924,5.5904724571885245,1.111969806862992,0.368643324529766
test,GCF_009856415.1,temperature_linear,-0.7339691750802,1.3280160033706987,0.4800000000000002,3.773549246865779,-1.287188579074985,0.1035466474114907
test,GCF_011604805.1,temperature_linear,0.405465108108164,1.459911237768496,1.4999999999999993,4.305577338730957,-0.5186809232212604,0.19250526389413342
test,GCF_013407525.1,temperature_linear,1.14118100796915,1.27525790961158,3.13046328497852,3.579624510625351,-0.02246687216219525,0.0679632008184336
test,GCF_014202435.1,temperature_linear,0.678033542749897,1.459911237768496,1.9699999999999998,4.305577338730957,-0.3348432663621951,0.19250526389413342
test,GCF_014646935.1,temperature_linear,-0.867500567704723,0.19371698754964384,0.42000000000000004,1.2137527272097952,-1.3772507257409643,-0.6614974543392368
test,GCF_014962245.1,temperature_linear,0.593326845277734,0.009063659392728018,1.8099999999999994,1.009104858731709,-0.39197490306114197,-0.7860395174149366
test,GCF_015912085.1,temperature_linear,0.0,1.5126693315276147,1.0,4.538830281126946,-0.7921526313839767,0.2280887104871905
test,GCF_016583925.1,temperature_linear,1.33500106673234,1.459911237768496,3.8,4.305577338730957,0.108257822728266,0.19250526389413342
test,GCF_016860465.1,temperature_linear,-1.56064774826467,0.4891623126007094,0.2099999999999997,1.6309494217809946,-1.8447536987102993,-0.462230153418117
test,GCF_018853755.1,temperature_linear,0.908258560176891,1.0615876298871487,2.4800000000000004,2.890957117689889,-0.17956472939680065,-0.07614975788344765
test,GCF_019285535.1,temperature_linear,0.625938430866495,1.0642255345751046,1.8699999999999997,2.8985932542955677,-0.3699795554011061,-0.07437058555379478
test,GCF_020784175.1,temperature_linear,1.01160091167848,1.591806472166293,2.7500000000000004,4.912615420400506,-0.109864010825593,0.2814638803767761
test,GCF_021391295.1,temperature_linear,0.22314355131421,1.2541546721079324,1.2500000000000002,3.504874353685055,-0.6416502899417809,0.05372982218121081
test,GCF_021870015.1,temperature_linear,3.3322045101752,1.27525790961158,27.999999999999886,3.579624510625351,1.4553000867967107,0.0679632008184336
test,GCF_023283765.1,temperature_linear,-0.287682072451781,1.459911237768496,0.7499999999999999,4.305577338730957,-0.986183896190594,0.19250526389413342
test,GCF_026127295.1,temperature_linear,2.27680346595398,1.459911237768496,9.745478812793628,4.305577338730957,0.7434698439761692,0.19250526389413342
test,GCF_026627265.1,temperature_linear,1.07158361628019,0.275492032876278,2.9199999999999986,1.317178610632062,-0.06940782271070021,-0.6063431121199984
test,GCF_027925425.1,temperature_linear,1.14422279992016,0.5392825016718721,3.1399999999999935,1.7147760717280336,-0.020415292324414518,-0.428425879154713
test,GCF_029636705.1,temperature_linear,0.412109650826833,1.1961207689729016,1.51,3.3072623711639912,-0.5141994168945808,0.014588030928847957
test,GCF_030386135.1,temperature_linear,1.09861228866811,1.3543950502502582,3.000000000000001,3.874416420297491,-0.051177950251925966,0.12133837070801923
test,GCF_031454185.1,temperature_linear,1.35066718347674,1.591806472166293,3.860000000000002,4.912615420400506,0.11882405794973108,0.2814638803767761
test,GCF_032304395.1,temperature_linear,0.0861776962410524,0.01170156408068368,1.09,1.0117702952072545,-0.7340288586467147,-0.7842603450852839
test,GCF_036225825.1,temperature_linear,0.693147180559945,0.45750745634523804,1.9999999999999993,1.5801305280953963,-0.32464965841464305,-0.48358022137395135
test,GCF_036677515.1,temperature_linear,0.0,1.27525790961158,1.0,3.579624510625351,-0.7921526313839767,0.0679632008184336
test,GCF_037151075.1,temperature_linear,2.46044317760963,1.27525790961158,11.710000000000045,3.579624510625351,0.8673282589882502,0.0679632008184336
test,GCF_037414695.1,temperature_linear,3.2468800212778,1.3332918127466107,25.710000000000047,3.7935103826363785,1.397751771885584,0.10710499207079643
test,GCF_900129955.1,temperature_linear,0.336472236621213,1.4335321908889365,1.4000000000000001,4.193485253359277,-0.5652141465228177,0.17471354059760485
test,GCF_900176145.1,temperature_linear,1.17865499634165,0.9692609658086907,3.2500000000000124,2.635995648411573,0.002807992202122624,-0.13842078942129757
test,GCF_900215655.1,temperature_linear,-0.967584026261706,0.5392825016718721,0.37999999999999984,1.7147760717280336,-1.4447534376219315,-0.428425879154713
test,GCF_900497605.1,temperature_linear,1.5993875765806,1.27525790961158,4.9500000000000055,3.579624510625351,0.28657706405764516,0.0679632008184336
test,GCF_904846215.1,temperature_linear,0.412109650826833,1.8714243690896228,1.51,6.497544713064702,-0.5141994168945808,0.47005614731997875
test,GCF_963874245.1,temperature_linear,-0.3147107448397,1.5126693315276147,0.7300000000000002,4.538830281126946,-1.0044137686493675,0.2280887104871905
test,GCF_963903135.1,temperature_linear,2.62921935297233,1.5126693315276147,13.862943611198952,4.538830281126946,0.9811617505776056,0.2280887104871905
test,GCA_001509385.1,grodon,2.484906649788,2.1919903438894077,11.999999999999995,8.95301497155386,0.8838279956867413,0.6862664276974393
test,GCA_002128215.1,grodon,0.879626747502564,1.9988245778161406,2.410000000000001,7.380375940898729,-0.19887586261952508,0.5559830298161991
test,GCA_016704125.1,grodon,1.49514876603197,0.5953533048227607,4.4599999999999875,1.81367161070531,0.21627171593388225,-0.390608128603318
test,GCA_019029225.1,grodon,-0.82098055206983,-0.5886670160760932,0.4400000000000001,0.5550666867896838,-1.345874639648652,-1.1891874716357143
test,GCA_029338435.1,grodon,0.324496045574495,-3.2422853972541863,1.3833333333333302,0.03907449224010161,-0.573291658884141,-2.9789581251420243
test,GCA_029367245.1,grodon,0.8754687373539,2.0478931214796847,2.4,7.75155231082858,-0.20168029169412188,0.5890780068792969
test,GCA_030322585.1,grodon,-2.20727491318972,-0.4228060121537902,0.11000000000000011,0.6552057227314639,-2.2808805855873193,-1.077320158880124
test,GCA_034941385.1,grodon,-0.867500567704723,-1.4431034464647348,0.42000000000000004,0.23619360585827703,-1.3772507257409643,-1.765474272798645
test,GCA_963572315.1,grodon,-0.430782916092454,0.5303983061823963,0.6500000000000001,1.69960913864439,-1.0827002951787432,-0.43441795114210163
test,GCF_000243455.1,grodon,-0.843970070294529,0.5876966529547374,0.43,1.79983798578643,-1.3613802471424274,-0.3957722663386839
test,GCF_000336695.1,grodon,0.378436435720245,1.6409021084269013,1.46,5.15982213236216,-0.5369107956800339,0.3145771304272399
test,GCF_000376265.1,grodon,0.131028262406404,0.731552524003505,1.14,2.07830472223677,-0.7037787564898808,-0.2987466283781242
test,GCF_000512105.1,grodon,0.548121408509688,2.083465715774992,1.7300000000000009,8.032258255647172,-0.42246435274247274,0.6130704489690905
test,GCF_000708905.1,grodon,1.79175946922805,2.1183667831150315,5.999999999999971,8.31754203845247,0.4163250227174044,0.6366099701543176
test,GCF_000817325.1,grodon,1.68639895357023,1.0681631017368103,5.400000000000007,2.91002915995652,0.3452631246313122,-0.07171483738660647
test,GCF_001050215.1,grodon,3.80666248977032,2.6030287821479012,45.000000000000014,13.504578581744601,1.775305018260988,0.963497147636722
test,GCF_001484195.1,grodon,-1.46967597005894,-0.5575161139750815,0.2300000000000004,0.5726296456110299,-1.7833964892167413,-1.1681773027259381
test,GCF_001567655.1,grodon,2.32532457996354,1.5376180931501184,10.23000000000005,4.65349287320041,0.7761955993243027,0.24491575755243497
test,GCF_001678785.1,grodon,-0.941608539858445,0.768990147700978,0.39,2.15758630976418,-1.4272339014275566,-0.2734962906860095
test,GCF_001696705.1,grodon,0.657520002916794,-0.7186125554930638,1.9299999999999997,0.487428066420086,-0.3486789150196033,-1.276831088612504
test,GCF_001715425.1,grodon,0.693147180559945,0.11610151328379925,1.9999999999999993,1.12310987691833,-0.32464965841464305,-0.7138463147044981
test,GCF_001869735.1,grodon,2.35137525716348,1.4120315654586757,10.500000000000023,4.10428506385002,0.7937658490207639,0.16021213802214176
test,GCF_001928355.1,grodon,1.50407739677627,0.9836973859125885,4.499999999999981,2.67432599981107,0.22229375791078768,-0.12868394058617083
test,GCF_002192615.1,grodon,0.8754687373539,1.9836093747310555,2.4,7.26893199321551,-0.20168029169412188,0.5457209197245684
test,GCF_002216005.1,grodon,1.09861228866811,2.0930173192499026,3.000000000000001,8.10934677491276,-0.051177950251925966,0.6195126637632669
test,GCF_002285495.1,grodon,-0.653926467406664,0.03995319399957875,0.52,1.04076205914294,-1.2332026366209392,-0.7652056315284268
test,GCF_002909415.1,grodon,2.40784560365154,-0.21461870842316477,11.110000000000014,0.8068490262711019,0.8318530772577015,-0.9369052713090422
test,GCF_003173335.1,grodon,0.662687973075237,1.3950614066447853,1.9400000000000004,4.03522235449015,-0.34519330405406906,0.14876637308251306
test,GCF_003253775.1,grodon,5.48063892334199,2.7420916912966433,239.99999999999977,15.5194129910266,2.9043422290062724,1.0572901042845186
test,GCF_003634755.1,grodon,1.38629436111989,0.2924691806679762,3.9999999999999973,1.33973144629936,0.14285331455469058,-0.594892633364899
test,GCF_003688505.1,grodon,0.285178942233662,2.3535440460262733,1.3299999999999994,10.522796995058101,-0.599809638349243,0.7952286195109788
test,GCF_003935635.1,grodon,-0.653926467406664,-1.8441403756872359,0.52,0.15816122170096894,-1.2332026366209392,-2.035959332740106
test,GCF_003999925.1,grodon,-0.527632742082372,0.007254290568427635,0.59,1.00728066667566,-1.1480220375903227,-0.787259871948984
test,GCF_004319545.1,grodon,2.89037175789616,2.191205773025734,17.99999999999992,8.945993451665283,1.157299703849455,0.6857372627212848
test,GCF_004786015.1,grodon,-0.139262067333508,0.35031662876309266,0.8699999999999997,1.41951693733686,-0.8860799131016581,-0.5558765993657282
test,GCF_005502435.1,grodon,-0.162518929497775,0.6734951561972158,0.85,1.96107963583263,-0.9017658345172939,-0.3379042457117014
test,GCF_006370045.1,grodon,1.63510565918268,1.792496002407796,5.13000000000001,6.00442082692145,0.31066763280488763,0.41682178799450414
test,GCF_006539545.1,grodon,2.77757626375082,1.7546874693123338,16.08,5.781640519477851,1.081223178791829,0.39132128518432296
test,GCF_008086615.1,grodon,2.82316300820271,1.0199803930039402,16.829999999999924,2.77314039047854,1.111969806862992,-0.10421235048351532
test,GCF_009856415.1,grodon,-0.7339691750802,-0.3827799267747316,0.4800000000000002,0.681962964561835,-1.287188579074985,-1.0503239963971174
test,GCF_011604805.1,grodon,0.405465108108164,-0.19312411770444582,1.4999999999999993,0.8243796476795151,-0.5186809232212604,-0.9224079389305964
test,GCF_013407525.1,grodon,1.14118100796915,0.684114949933883,3.13046328497852,1.9820168748715403,-0.02246687216219525,-0.3307415748050661
test,GCF_014202435.1,grodon,0.678033542749897,1.3765669609823807,1.9699999999999998,3.9612790319467597,-0.3348432663621951,0.13629253120147236
test,GCF_014646935.1,grodon,-0.867500567704723,1.314360381788662,0.42000000000000004,3.7223693284450805,-1.3772507257409643,0.09433641924293752
test,GCF_014962245.1,grodon,0.593326845277734,1.8481106190196048,1.8099999999999994,6.347814744927569,-0.39197490306114197,0.4543318570473231
test,GCF_015912085.1,grodon,0.0,0.2996009266475136,1.0,1.34932022237093,-0.7921526313839767,-0.5900825258705535
test,GCF_016583925.1,grodon,1.33500106673234,1.2241824689744483,3.8,3.4013842086911397,0.108257822728266,0.03351464355201221
test,GCF_016860465.1,grodon,-1.56064774826467,-0.7670579156403903,0.2099999999999997,0.464377297672687,-1.8447536987102993,-1.3095057506909809
test,GCF_018853755.1,grodon,0.908258560176891,2.2225776412154574,2.4800000000000004,9.231094675536411,-0.17956472939680065,0.7068964653518859
test,GCF_019285535.1,grodon,0.625938430866495,2.375400424115615,1.8699999999999997,10.7553190130443,-0.3699795554011061,0.8099699645264121
test,GCF_020784175.1,grodon,1.01160091167848,1.0189210754970885,2.7500000000000004,2.77020430970939,-0.109864010825593,-0.1049268222402518
test,GCF_021391295.1,grodon,0.22314355131421,0.23059297183350225,1.2500000000000002,1.25934654560045,-0.6416502899417809,-0.6366259223365421
test,GCF_021870015.1,grodon,3.3322045101752,1.4730230747378,27.999999999999886,4.36240309777661,1.4553000867967107,0.20134872879762908
test,GCF_023283765.1,grodon,-0.287682072451781,-0.08933362802420208,0.7499999999999999,0.914540406362288,-0.986183896190594,-0.8524049671919548
test,GCF_026127295.1,grodon,2.27680346595398,1.1452323445875277,9.745478812793628,3.1431715709074095,0.7434698439761692,-0.01973439056707279
test,GCF_026627265.1,grodon,1.07158361628019,2.425037939522262,2.9199999999999986,11.302658228598602,-0.06940782271070021,0.8434486926728244
test,GCF_027925425.1,grodon,1.14422279992016,2.5869689728842618,3.1399999999999935,13.289429873343801,-0.020415292324414518,0.9526653808970713
test,GCF_029636705.1,grodon,0.412109650826833,-1.0728670056769767,1.51,0.34202651842301,-0.5141994168945808,-1.5157630402866162
test,GCF_030386135.1,grodon,1.09861228866811,2.1227838117686457,3.000000000000001,8.35436211777292,-0.051177950251925966,0.6395890979430036
test,GCF_031454185.1,grodon,1.35066718347674,1.40531009150182,3.860000000000002,4.07679072344037,0.11882405794973108,0.1556787443278508
test,GCF_032304395.1,grodon,0.0861776962410524,1.0474506656046678,1.09,2.8503752879805,-0.7340288586467147,-0.08568463448134721
test,GCF_036225825.1,grodon,0.693147180559945,0.3011336647632752,1.9999999999999993,1.35138996268586,-0.32464965841464305,-0.5890487488517635
test,GCF_036677515.1,grodon,0.0,0.5725231969343652,1.0,1.7727343710305,-0.7921526313839767,-0.4060062195288462
test,GCF_037151075.1,grodon,2.46044317760963,-0.9653742483898582,11.710000000000045,0.38084064406755097,0.8673282589882502,-1.4432630215116675
test,GCF_037414695.1,grodon,3.2468800212778,1.4500294705695893,25.710000000000047,4.26324015343311,1.397751771885584,0.18584036548114746
test,GCF_900129955.1,grodon,0.336472236621213,0.7071497658469118,1.4000000000000001,2.02820216135482,-0.5652141465228177,-0.3152054156412318
test,GCF_900176145.1,grodon,1.17865499634165,2.5718688855026772,3.2500000000000124,13.090265802752201,0.002807992202122624,0.942480912228693
test,GCF_900215655.1,grodon,-0.967584026261706,2.2014839327094538,0.37999999999999984,9.03841595388005,-1.4447534376219315,0.692669513682633
test,GCF_900497605.1,grodon,1.5993875765806,1.332148478937159,4.9500000000000055,3.7891756124762495,0.28657706405764516,0.10633385432400032
test,GCF_904846215.1,grodon,0.412109650826833,0.3781282313079868,1.51,1.45955009089365,-0.5141994168945808,-0.537118668528765
test,GCF_963874245.1,grodon,-0.3147107448397,-0.27817305660957414,0.7300000000000002,0.757165777633295,-1.0044137686493675,-0.9797704052309207
test,GCF_963903135.1,grodon,2.62921935297233,1.9249873606791126,13.862943611198952,6.85506202202302,0.9811617505776056,0.5061824687009431
